[{"fields": {"model": "logentry", "app_label": "admin"}, "model": "contenttypes.contenttype", "pk": 1}, {"fields": {"model": "permission", "app_label": "auth"}, "model": "contenttypes.contenttype", "pk": 2}, {"fields": {"model": "group", "app_label": "auth"}, "model": "contenttypes.contenttype", "pk": 3}, {"fields": {"model": "user", "app_label": "auth"}, "model": "contenttypes.contenttype", "pk": 4}, {"fields": {"model": "contenttype", "app_label": "contenttypes"}, "model": "contenttypes.contenttype", "pk": 5}, {"fields": {"model": "session", "app_label": "sessions"}, "model": "contenttypes.contenttype", "pk": 6}, {"fields": {"model": "player", "app_label": "timetracker_app"}, "model": "contenttypes.contenttype", "pk": 7}, {"fields": {"model": "checkpoint", "app_label": "timetracker_app"}, "model": "contenttypes.contenttype", "pk": 8}, {"fields": {"model": "recordtime", "app_label": "timetracker_app"}, "model": "contenttypes.contenttype", "pk": 9}, {"fields": {"expire_date": "2015-09-26T05:06:22.958Z", "session_data": "YmViYTI1YWU3ZjRhMDAyZjE4MzVmZTQwOGEyMTczZWUwZDczMTNlZTp7Il9hdXRoX3VzZXJfaGFzaCI6IjI2ZWZjNzAyODVmNmQzODU2OGFhN2Y4OTliZjE4ODM0MDE4NjFmMTMiLCJfYXV0aF91c2VyX2JhY2tlbmQiOiJkamFuZ28uY29udHJpYi5hdXRoLmJhY2tlbmRzLk1vZGVsQmFja2VuZCIsIl9hdXRoX3VzZXJfaWQiOiIxIn0="}, "model": "sessions.session", "pk": "6uhdxcz1anhex820938pnpj3v0jy8yjq"}, {"fields": {"expire_date": "2015-09-27T02:29:31.448Z", "session_data": "YmViYTI1YWU3ZjRhMDAyZjE4MzVmZTQwOGEyMTczZWUwZDczMTNlZTp7Il9hdXRoX3VzZXJfaGFzaCI6IjI2ZWZjNzAyODVmNmQzODU2OGFhN2Y4OTliZjE4ODM0MDE4NjFmMTMiLCJfYXV0aF91c2VyX2JhY2tlbmQiOiJkamFuZ28uY29udHJpYi5hdXRoLmJhY2tlbmRzLk1vZGVsQmFja2VuZCIsIl9hdXRoX3VzZXJfaWQiOiIxIn0="}, "model": "sessions.session", "pk": "u7nh1eiqrwo403zf1vu0ke4csd35e2dn"}, {"fields": {"full_name": "Edwing Miletti"}, "model": "timetracker_app.player", "pk": "125"}, {"fields": {"full_name": "Miguel Ramos"}, "model": "timetracker_app.player", "pk": "126"}, {"fields": {"full_name": "Juan Sanchez"}, "model": "timetracker_app.player", "pk": "127"}, {"fields": {"full_name": "Diomary Celis"}, "model": "timetracker_app.player", "pk": "128"}, {"fields": {"full_name": "Olga Agront"}, "model": "timetracker_app.player", "pk": "129"}, {"fields": {"full_name": "Ricardo D\u00edaz"}, "model": "timetracker_app.player", "pk": "130"}, {"fields": {"full_name": "Diane Martinez"}, "model": "timetracker_app.player", "pk": "131"}, {"fields": {"full_name": "Jose Angel Alamo"}, "model": "timetracker_app.player", "pk": "132"}, {"fields": {"full_name": "Jonathan Delgado Martinez"}, "model": "timetracker_app.player", "pk": "133"}, {"fields": {"full_name": "Manuel R. Colon"}, "model": "timetracker_app.player", "pk": "134"}, {"fields": {"full_name": "Orlando Campoamor"}, "model": "timetracker_app.player", "pk": "135"}, {"fields": {"full_name": "Melanie Gener"}, "model": "timetracker_app.player", "pk": "136"}, {"fields": {"full_name": "Jaime Perez"}, "model": "timetracker_app.player", "pk": "137"}, {"fields": {"full_name": "Yazmin Morales"}, "model": "timetracker_app.player", "pk": "138"}, {"fields": {"full_name": "Kati Gonzalez"}, "model": "timetracker_app.player", "pk": "139"}, {"fields": {"full_name": "Justo M Rivera"}, "model": "timetracker_app.player", "pk": "140"}, {"fields": {"full_name": "Evaristo y Robert"}, "model": "timetracker_app.player", "pk": "141"}, {"fields": {"full_name": "Ralph Martinez"}, "model": "timetracker_app.player", "pk": "142"}, {"fields": {"full_name": "Anamary Matos"}, "model": "timetracker_app.player", "pk": "143"}, {"fields": {"full_name": "Edwin Hernandez"}, "model": "timetracker_app.player", "pk": "144"}, {"fields": {"full_name": "Samuel Rosado"}, "model": "timetracker_app.player", "pk": "145"}, {"fields": {"full_name": "Felix E. Rodr\u00edguez"}, "model": "timetracker_app.player", "pk": "146"}, {"fields": {"full_name": "Gabriel Olmo Rivera"}, "model": "timetracker_app.player", "pk": "147"}, {"fields": {"full_name": "Luis Alvarado Lopez"}, "model": "timetracker_app.player", "pk": "148"}, {"fields": {"full_name": "Bryan Gamboa"}, "model": "timetracker_app.player", "pk": "149"}, {"fields": {"full_name": "Lizzie Ortiz"}, "model": "timetracker_app.player", "pk": "150"}, {"fields": {"full_name": "Amaury Santiago"}, "model": "timetracker_app.player", "pk": "151"}, {"fields": {"full_name": "Miguel Sanchez Alamo"}, "model": "timetracker_app.player", "pk": "152"}, {"fields": {"full_name": "Justo Rivera"}, "model": "timetracker_app.player", "pk": "153"}, {"fields": {"full_name": "Jese Carrion"}, "model": "timetracker_app.player", "pk": "154"}, {"fields": {"full_name": "Jerome Montalvo"}, "model": "timetracker_app.player", "pk": "155"}, {"fields": {"full_name": "Mark Maser"}, "model": "timetracker_app.player", "pk": "156"}, {"fields": {"full_name": "Mario Neira"}, "model": "timetracker_app.player", "pk": "157"}, {"fields": {"full_name": "Abner Roman"}, "model": "timetracker_app.player", "pk": "158"}, {"fields": {"full_name": "Ralphy Arriaga"}, "model": "timetracker_app.player", "pk": "159"}, {"fields": {"full_name": "Carmen Martinez"}, "model": "timetracker_app.player", "pk": "160"}, {"fields": {"full_name": "Javier Gonzalez"}, "model": "timetracker_app.player", "pk": "161"}, {"fields": {"full_name": "Yamil Musa Diaz (hijo)"}, "model": "timetracker_app.player", "pk": "162"}, {"fields": {"full_name": "Yamil Musa Alicea (padre)"}, "model": "timetracker_app.player", "pk": "163"}, {"fields": {"full_name": "Erasmo Hernandez"}, "model": "timetracker_app.player", "pk": "164"}, {"fields": {"full_name": "Fernando (folly) Hernandez"}, "model": "timetracker_app.player", "pk": "165"}, {"fields": {"full_name": "Gabriel Ortiz"}, "model": "timetracker_app.player", "pk": "166"}, {"fields": {"full_name": "Luis Rios"}, "model": "timetracker_app.player", "pk": "167"}, {"fields": {"full_name": "Robert Zamora"}, "model": "timetracker_app.player", "pk": "168"}, {"fields": {"full_name": "Vianka Prada"}, "model": "timetracker_app.player", "pk": "169"}, {"fields": {"full_name": "Ricardo Perez"}, "model": "timetracker_app.player", "pk": "170"}, {"fields": {"full_name": "Edwin Torres Sting"}, "model": "timetracker_app.player", "pk": "171"}, {"fields": {"full_name": "Frances Rodriguez Colon"}, "model": "timetracker_app.player", "pk": "172"}, {"fields": {"full_name": "Jose Israel Salgado"}, "model": "timetracker_app.player", "pk": "173"}, {"fields": {"full_name": "Gregg Lopez Santiago"}, "model": "timetracker_app.player", "pk": "174"}, {"fields": {"full_name": "Rene Santiago Gonzalez"}, "model": "timetracker_app.player", "pk": "175"}, {"fields": {"full_name": "Betsy A Feliciano Colon"}, "model": "timetracker_app.player", "pk": "176"}, {"fields": {"full_name": "Luis Miguel Lopez"}, "model": "timetracker_app.player", "pk": "177"}, {"fields": {"full_name": "Francisco Perez"}, "model": "timetracker_app.player", "pk": "178"}, {"fields": {"full_name": "Robert Torres"}, "model": "timetracker_app.player", "pk": "179"}, {"fields": {"full_name": "Luis Domenech"}, "model": "timetracker_app.player", "pk": "180"}, {"fields": {"full_name": "Miguel A. Rodriguez (El Doc)"}, "model": "timetracker_app.player", "pk": "181"}, {"fields": {"full_name": "Hector Otero Calderon"}, "model": "timetracker_app.player", "pk": "182"}, {"fields": {"full_name": "Andres Soler"}, "model": "timetracker_app.player", "pk": "183"}, {"fields": {"full_name": "Mayra Santiago"}, "model": "timetracker_app.player", "pk": "184"}, {"fields": {"full_name": "Raul Sepulveda"}, "model": "timetracker_app.player", "pk": "185"}, {"fields": {"full_name": "Roberto Greene"}, "model": "timetracker_app.player", "pk": "186"}, {"fields": {"full_name": "Ramon Bermudez"}, "model": "timetracker_app.player", "pk": "187"}, {"fields": {"full_name": "Israel Alvarado"}, "model": "timetracker_app.player", "pk": "188"}, {"fields": {"full_name": "Javier Zamora"}, "model": "timetracker_app.player", "pk": "189"}, {"fields": {"full_name": "Joel Rojas"}, "model": "timetracker_app.player", "pk": "190"}, {"fields": {"full_name": "Edgardo Ortiz"}, "model": "timetracker_app.player", "pk": "191"}, {"fields": {"full_name": "Gilberto Lopez"}, "model": "timetracker_app.player", "pk": "192"}, {"fields": {"full_name": "Noel Medina"}, "model": "timetracker_app.player", "pk": "193"}, {"fields": {"full_name": "Juan NIeves"}, "model": "timetracker_app.player", "pk": "194"}, {"fields": {"full_name": "Mariana Gonzalez"}, "model": "timetracker_app.player", "pk": "195"}, {"fields": {"full_name": "Georgette Rodriguez"}, "model": "timetracker_app.player", "pk": "196"}, {"fields": {"full_name": "Luis Lopez (LuisMi)"}, "model": "timetracker_app.player", "pk": "197"}, {"fields": {"full_name": "Hector Pagan"}, "model": "timetracker_app.player", "pk": "198"}, {"fields": {"full_name": "Alan Louk"}, "model": "timetracker_app.player", "pk": "199"}, {"fields": {"full_name": "Milagros Garcia"}, "model": "timetracker_app.player", "pk": "200"}, {"fields": {"full_name": "Alamd Rosario"}, "model": "timetracker_app.player", "pk": "201"}, {"fields": {"full_name": "Carmelo Moreira"}, "model": "timetracker_app.player", "pk": "202"}, {"fields": {"full_name": "Bernice Ramirez"}, "model": "timetracker_app.player", "pk": "203"}, {"fields": {"full_name": "Hector Miranda Miranda"}, "model": "timetracker_app.player", "pk": "204"}, {"fields": {"full_name": "Eduardo Ayala"}, "model": "timetracker_app.player", "pk": "205"}, {"fields": {"full_name": "Yaris Mabel Lebron"}, "model": "timetracker_app.player", "pk": "206"}, {"fields": {"full_name": "Edwin Aponte"}, "model": "timetracker_app.player", "pk": "207"}, {"fields": {"full_name": "Victor R Cruz"}, "model": "timetracker_app.player", "pk": "208"}, {"fields": {"full_name": "Francis Hernandez"}, "model": "timetracker_app.player", "pk": "209"}, {"fields": {"full_name": "Norma Iris Natal"}, "model": "timetracker_app.player", "pk": "210"}, {"fields": {"full_name": "Wilfredo Torres"}, "model": "timetracker_app.player", "pk": "211"}, {"fields": {"full_name": "Yaris Lebron"}, "model": "timetracker_app.player", "pk": "212"}, {"fields": {"full_name": "Juan Carlos Rios"}, "model": "timetracker_app.player", "pk": "213"}, {"fields": {"full_name": "Gabriel Alvarado"}, "model": "timetracker_app.player", "pk": "214"}, {"fields": {"full_name": "Esteban Vidal"}, "model": "timetracker_app.player", "pk": "215"}, {"fields": {"full_name": "Hector Lopez"}, "model": "timetracker_app.player", "pk": "216"}, {"fields": {"full_name": "Arturo Davila"}, "model": "timetracker_app.player", "pk": "217"}, {"fields": {"full_name": "Wilmary Delgado"}, "model": "timetracker_app.player", "pk": "218"}, {"fields": {"full_name": "Jose Davalos"}, "model": "timetracker_app.player", "pk": "219"}, {"fields": {"full_name": "Pedro Diaz"}, "model": "timetracker_app.player", "pk": "220"}, {"fields": {"place_name": "AG Servicio"}, "model": "timetracker_app.checkpoint", "pk": 1}, {"fields": {"place_name": "El Corozo"}, "model": "timetracker_app.checkpoint", "pk": 2}, {"fields": {"place_name": "Pa'Picar"}, "model": "timetracker_app.checkpoint", "pk": 3}, {"fields": {"place_name": "Gasolina Beach Club"}, "model": "timetracker_app.checkpoint", "pk": 4}, {"fields": {"check_point": 1, "player": "173", "duration": null, "check_in_time": "2015-09-13T14:04:05.170Z"}, "model": "timetracker_app.recordtime", "pk": 1}, {"fields": {"check_point": 1, "player": "135", "duration": null, "check_in_time": "2015-09-13T14:04:10.900Z"}, "model": "timetracker_app.recordtime", "pk": 2}, {"fields": {"check_point": 1, "player": "170", "duration": null, "check_in_time": "2015-09-13T14:05:48.339Z"}, "model": "timetracker_app.recordtime", "pk": 3}, {"fields": {"check_point": 1, "player": "147", "duration": null, "check_in_time": "2015-09-13T14:05:52.172Z"}, "model": "timetracker_app.recordtime", "pk": 4}, {"fields": {"check_point": 1, "player": "159", "duration": null, "check_in_time": "2015-09-13T14:07:10.949Z"}, "model": "timetracker_app.recordtime", "pk": 5}, {"fields": {"check_point": 1, "player": "145", "duration": null, "check_in_time": "2015-09-13T14:07:17.299Z"}, "model": "timetracker_app.recordtime", "pk": 6}, {"fields": {"check_point": 1, "player": "213", "duration": null, "check_in_time": "2015-09-13T14:08:25.252Z"}, "model": "timetracker_app.recordtime", "pk": 7}, {"fields": {"check_point": 1, "player": "166", "duration": null, "check_in_time": "2015-09-13T14:08:29.860Z"}, "model": "timetracker_app.recordtime", "pk": 8}, {"fields": {"check_point": 1, "player": "204", "duration": null, "check_in_time": "2015-09-13T14:09:40.168Z"}, "model": "timetracker_app.recordtime", "pk": 9}, {"fields": {"check_point": 1, "player": "158", "duration": null, "check_in_time": "2015-09-13T14:09:44.513Z"}, "model": "timetracker_app.recordtime", "pk": 10}, {"fields": {"check_point": 1, "player": "211", "duration": null, "check_in_time": "2015-09-13T14:10:38.247Z"}, "model": "timetracker_app.recordtime", "pk": 11}, {"fields": {"check_point": 1, "player": "210", "duration": null, "check_in_time": "2015-09-13T14:10:43.989Z"}, "model": "timetracker_app.recordtime", "pk": 12}, {"fields": {"check_point": 1, "player": "175", "duration": null, "check_in_time": "2015-09-13T14:11:40.646Z"}, "model": "timetracker_app.recordtime", "pk": 13}, {"fields": {"check_point": 1, "player": "185", "duration": null, "check_in_time": "2015-09-13T14:11:45.782Z"}, "model": "timetracker_app.recordtime", "pk": 14}, {"fields": {"check_point": 1, "player": "181", "duration": null, "check_in_time": "2015-09-13T14:12:53.011Z"}, "model": "timetracker_app.recordtime", "pk": 15}, {"fields": {"check_point": 1, "player": "209", "duration": null, "check_in_time": "2015-09-13T14:12:59.887Z"}, "model": "timetracker_app.recordtime", "pk": 16}, {"fields": {"check_point": 1, "player": "152", "duration": null, "check_in_time": "2015-09-13T14:14:23.120Z"}, "model": "timetracker_app.recordtime", "pk": 17}, {"fields": {"check_point": 1, "player": "125", "duration": null, "check_in_time": "2015-09-13T14:14:27.986Z"}, "model": "timetracker_app.recordtime", "pk": 18}, {"fields": {"check_point": 1, "player": "178", "duration": null, "check_in_time": "2015-09-13T14:15:35.638Z"}, "model": "timetracker_app.recordtime", "pk": 19}, {"fields": {"check_point": 1, "player": "182", "duration": null, "check_in_time": "2015-09-13T14:15:40.043Z"}, "model": "timetracker_app.recordtime", "pk": 20}, {"fields": {"check_point": 1, "player": "131", "duration": null, "check_in_time": "2015-09-13T14:16:37.559Z"}, "model": "timetracker_app.recordtime", "pk": 21}, {"fields": {"check_point": 1, "player": "127", "duration": null, "check_in_time": "2015-09-13T14:16:41.301Z"}, "model": "timetracker_app.recordtime", "pk": 22}, {"fields": {"check_point": 1, "player": "215", "duration": null, "check_in_time": "2015-09-13T14:17:39.519Z"}, "model": "timetracker_app.recordtime", "pk": 23}, {"fields": {"check_point": 1, "player": "212", "duration": null, "check_in_time": "2015-09-13T14:17:43.536Z"}, "model": "timetracker_app.recordtime", "pk": 24}, {"fields": {"check_point": 1, "player": "202", "duration": null, "check_in_time": "2015-09-13T14:18:38.176Z"}, "model": "timetracker_app.recordtime", "pk": 25}, {"fields": {"check_point": 1, "player": "216", "duration": null, "check_in_time": "2015-09-13T14:18:43.890Z"}, "model": "timetracker_app.recordtime", "pk": 26}, {"fields": {"check_point": 1, "player": "164", "duration": null, "check_in_time": "2015-09-13T14:19:39.099Z"}, "model": "timetracker_app.recordtime", "pk": 27}, {"fields": {"check_point": 1, "player": "207", "duration": null, "check_in_time": "2015-09-13T14:19:44.120Z"}, "model": "timetracker_app.recordtime", "pk": 28}, {"fields": {"check_point": 1, "player": "205", "duration": null, "check_in_time": "2015-09-13T14:20:37.185Z"}, "model": "timetracker_app.recordtime", "pk": 29}, {"fields": {"check_point": 1, "player": "167", "duration": null, "check_in_time": "2015-09-13T14:20:41.083Z"}, "model": "timetracker_app.recordtime", "pk": 30}, {"fields": {"check_point": 1, "player": "132", "duration": null, "check_in_time": "2015-09-13T14:21:39.165Z"}, "model": "timetracker_app.recordtime", "pk": 31}, {"fields": {"check_point": 1, "player": "168", "duration": null, "check_in_time": "2015-09-13T14:21:45.884Z"}, "model": "timetracker_app.recordtime", "pk": 32}, {"fields": {"check_point": 1, "player": "144", "duration": null, "check_in_time": "2015-09-13T14:22:39.345Z"}, "model": "timetracker_app.recordtime", "pk": 33}, {"fields": {"check_point": 1, "player": "133", "duration": null, "check_in_time": "2015-09-13T14:22:43.285Z"}, "model": "timetracker_app.recordtime", "pk": 34}, {"fields": {"check_point": 1, "player": "171", "duration": null, "check_in_time": "2015-09-13T14:23:38.507Z"}, "model": "timetracker_app.recordtime", "pk": 35}, {"fields": {"check_point": 1, "player": "189", "duration": null, "check_in_time": "2015-09-13T14:23:42.579Z"}, "model": "timetracker_app.recordtime", "pk": 36}, {"fields": {"check_point": 1, "player": "197", "duration": null, "check_in_time": "2015-09-13T14:24:39.415Z"}, "model": "timetracker_app.recordtime", "pk": 37}, {"fields": {"check_point": 1, "player": "143", "duration": null, "check_in_time": "2015-09-13T14:24:44.719Z"}, "model": "timetracker_app.recordtime", "pk": 38}, {"fields": {"check_point": 1, "player": "129", "duration": null, "check_in_time": "2015-09-13T14:25:39.681Z"}, "model": "timetracker_app.recordtime", "pk": 39}, {"fields": {"check_point": 1, "player": "177", "duration": null, "check_in_time": "2015-09-13T14:25:45.179Z"}, "model": "timetracker_app.recordtime", "pk": 40}, {"fields": {"check_point": 1, "player": "163", "duration": null, "check_in_time": "2015-09-13T14:26:40.115Z"}, "model": "timetracker_app.recordtime", "pk": 41}, {"fields": {"check_point": 1, "player": "174", "duration": null, "check_in_time": "2015-09-13T14:26:44.150Z"}, "model": "timetracker_app.recordtime", "pk": 42}, {"fields": {"check_point": 1, "player": "162", "duration": null, "check_in_time": "2015-09-13T14:27:39.088Z"}, "model": "timetracker_app.recordtime", "pk": 43}, {"fields": {"check_point": 1, "player": "141", "duration": null, "check_in_time": "2015-09-13T14:27:42.653Z"}, "model": "timetracker_app.recordtime", "pk": 44}, {"fields": {"check_point": 1, "player": "184", "duration": null, "check_in_time": "2015-09-13T14:28:41.282Z"}, "model": "timetracker_app.recordtime", "pk": 45}, {"fields": {"check_point": 1, "player": "198", "duration": null, "check_in_time": "2015-09-13T14:28:46.794Z"}, "model": "timetracker_app.recordtime", "pk": 46}, {"fields": {"check_point": 1, "player": "155", "duration": null, "check_in_time": "2015-09-13T14:29:41.550Z"}, "model": "timetracker_app.recordtime", "pk": 47}, {"fields": {"check_point": 1, "player": "157", "duration": null, "check_in_time": "2015-09-13T14:29:46.287Z"}, "model": "timetracker_app.recordtime", "pk": 48}, {"fields": {"check_point": 1, "player": "186", "duration": null, "check_in_time": "2015-09-13T14:30:39.391Z"}, "model": "timetracker_app.recordtime", "pk": 49}, {"fields": {"check_point": 1, "player": "192", "duration": null, "check_in_time": "2015-09-13T14:30:45.438Z"}, "model": "timetracker_app.recordtime", "pk": 50}, {"fields": {"check_point": 1, "player": "188", "duration": null, "check_in_time": "2015-09-13T14:31:41.344Z"}, "model": "timetracker_app.recordtime", "pk": 51}, {"fields": {"check_point": 1, "player": "199", "duration": null, "check_in_time": "2015-09-13T14:31:51.179Z"}, "model": "timetracker_app.recordtime", "pk": 52}, {"fields": {"check_point": 1, "player": "176", "duration": null, "check_in_time": "2015-09-13T14:32:40.643Z"}, "model": "timetracker_app.recordtime", "pk": 53}, {"fields": {"check_point": 1, "player": "128", "duration": null, "check_in_time": "2015-09-13T14:32:45.874Z"}, "model": "timetracker_app.recordtime", "pk": 54}, {"fields": {"check_point": 1, "player": "169", "duration": null, "check_in_time": "2015-09-13T14:33:40.808Z"}, "model": "timetracker_app.recordtime", "pk": 55}, {"fields": {"check_point": 1, "player": "151", "duration": null, "check_in_time": "2015-09-13T14:33:44.541Z"}, "model": "timetracker_app.recordtime", "pk": 56}, {"fields": {"check_point": 1, "player": "165", "duration": null, "check_in_time": "2015-09-13T14:34:41.399Z"}, "model": "timetracker_app.recordtime", "pk": 57}, {"fields": {"check_point": 1, "player": "137", "duration": null, "check_in_time": "2015-09-13T14:34:45.603Z"}, "model": "timetracker_app.recordtime", "pk": 58}, {"fields": {"check_point": 1, "player": "153", "duration": null, "check_in_time": "2015-09-13T14:35:39.172Z"}, "model": "timetracker_app.recordtime", "pk": 59}, {"fields": {"check_point": 1, "player": "220", "duration": null, "check_in_time": "2015-09-13T14:35:50.132Z"}, "model": "timetracker_app.recordtime", "pk": 60}, {"fields": {"check_point": 1, "player": "203", "duration": null, "check_in_time": "2015-09-13T14:36:42.021Z"}, "model": "timetracker_app.recordtime", "pk": 61}, {"fields": {"check_point": 1, "player": "194", "duration": null, "check_in_time": "2015-09-13T14:36:45.527Z"}, "model": "timetracker_app.recordtime", "pk": 62}, {"fields": {"check_point": 1, "player": "142", "duration": null, "check_in_time": "2015-09-13T14:37:40.386Z"}, "model": "timetracker_app.recordtime", "pk": 63}, {"fields": {"check_point": 1, "player": "140", "duration": null, "check_in_time": "2015-09-13T14:37:44.288Z"}, "model": "timetracker_app.recordtime", "pk": 64}, {"fields": {"check_point": 1, "player": "134", "duration": null, "check_in_time": "2015-09-13T14:38:40.790Z"}, "model": "timetracker_app.recordtime", "pk": 65}, {"fields": {"check_point": 1, "player": "130", "duration": null, "check_in_time": "2015-09-13T14:38:46.460Z"}, "model": "timetracker_app.recordtime", "pk": 66}, {"fields": {"check_point": 1, "player": "208", "duration": null, "check_in_time": "2015-09-13T14:39:44.686Z"}, "model": "timetracker_app.recordtime", "pk": 67}, {"fields": {"check_point": 1, "player": "187", "duration": null, "check_in_time": "2015-09-13T14:39:48.894Z"}, "model": "timetracker_app.recordtime", "pk": 68}, {"fields": {"check_point": 1, "player": "218", "duration": null, "check_in_time": "2015-09-13T14:40:40.875Z"}, "model": "timetracker_app.recordtime", "pk": 69}, {"fields": {"check_point": 1, "player": "156", "duration": null, "check_in_time": "2015-09-13T14:40:45.005Z"}, "model": "timetracker_app.recordtime", "pk": 70}, {"fields": {"check_point": 1, "player": "138", "duration": null, "check_in_time": "2015-09-13T14:41:39.054Z"}, "model": "timetracker_app.recordtime", "pk": 71}, {"fields": {"check_point": 1, "player": "191", "duration": null, "check_in_time": "2015-09-13T14:41:44.842Z"}, "model": "timetracker_app.recordtime", "pk": 72}, {"fields": {"check_point": 1, "player": "196", "duration": null, "check_in_time": "2015-09-13T14:42:39.456Z"}, "model": "timetracker_app.recordtime", "pk": 73}, {"fields": {"check_point": 1, "player": "160", "duration": null, "check_in_time": "2015-09-13T14:42:43.120Z"}, "model": "timetracker_app.recordtime", "pk": 74}, {"fields": {"check_point": 1, "player": "161", "duration": null, "check_in_time": "2015-09-13T14:43:39.649Z"}, "model": "timetracker_app.recordtime", "pk": 75}, {"fields": {"check_point": 1, "player": "172", "duration": null, "check_in_time": "2015-09-13T14:43:44.895Z"}, "model": "timetracker_app.recordtime", "pk": 76}, {"fields": {"check_point": 1, "player": "183", "duration": null, "check_in_time": "2015-09-13T14:44:40.883Z"}, "model": "timetracker_app.recordtime", "pk": 77}, {"fields": {"check_point": 1, "player": "214", "duration": null, "check_in_time": "2015-09-13T14:44:46.178Z"}, "model": "timetracker_app.recordtime", "pk": 78}, {"fields": {"check_point": 1, "player": "190", "duration": null, "check_in_time": "2015-09-13T14:45:39.700Z"}, "model": "timetracker_app.recordtime", "pk": 79}, {"fields": {"check_point": 1, "player": "149", "duration": null, "check_in_time": "2015-09-13T14:45:45.799Z"}, "model": "timetracker_app.recordtime", "pk": 80}, {"fields": {"check_point": 1, "player": "139", "duration": null, "check_in_time": "2015-09-13T14:46:39.063Z"}, "model": "timetracker_app.recordtime", "pk": 81}, {"fields": {"check_point": 1, "player": "126", "duration": null, "check_in_time": "2015-09-13T14:46:41.973Z"}, "model": "timetracker_app.recordtime", "pk": 82}, {"fields": {"check_point": 1, "player": "201", "duration": null, "check_in_time": "2015-09-13T14:47:41.138Z"}, "model": "timetracker_app.recordtime", "pk": 83}, {"fields": {"check_point": 1, "player": "219", "duration": null, "check_in_time": "2015-09-13T14:47:47.588Z"}, "model": "timetracker_app.recordtime", "pk": 84}, {"fields": {"check_point": 1, "player": "195", "duration": null, "check_in_time": "2015-09-13T14:48:05.768Z"}, "model": "timetracker_app.recordtime", "pk": 85}, {"fields": {"check_point": 2, "player": "147", "duration": "00:45:48.541131", "check_in_time": "2015-09-13T14:51:40.718Z"}, "model": "timetracker_app.recordtime", "pk": 86}, {"fields": {"check_point": 2, "player": "170", "duration": "00:46:01.193927", "check_in_time": "2015-09-13T14:51:49.537Z"}, "model": "timetracker_app.recordtime", "pk": 87}, {"fields": {"check_point": 2, "player": "213", "duration": "00:43:45.207526", "check_in_time": "2015-09-13T14:52:10.472Z"}, "model": "timetracker_app.recordtime", "pk": 88}, {"fields": {"check_point": 2, "player": "209", "duration": "00:41:54.596415", "check_in_time": "2015-09-13T14:54:54.498Z"}, "model": "timetracker_app.recordtime", "pk": 89}, {"fields": {"check_point": 2, "player": "135", "duration": "00:51:23.688713", "check_in_time": "2015-09-13T14:55:34.592Z"}, "model": "timetracker_app.recordtime", "pk": 90}, {"fields": {"check_point": 2, "player": "178", "duration": "00:40:07.986155", "check_in_time": "2015-09-13T14:55:43.629Z"}, "model": "timetracker_app.recordtime", "pk": 91}, {"fields": {"check_point": 2, "player": "166", "duration": "00:47:33.190341", "check_in_time": "2015-09-13T14:56:03.054Z"}, "model": "timetracker_app.recordtime", "pk": 92}, {"fields": {"check_point": 2, "player": "159", "duration": "00:49:02.142074", "check_in_time": "2015-09-13T14:56:13.102Z"}, "model": "timetracker_app.recordtime", "pk": 93}, {"fields": {"check_point": 2, "player": "185", "duration": "00:45:00.281740", "check_in_time": "2015-09-13T14:56:46.070Z"}, "model": "timetracker_app.recordtime", "pk": 94}, {"fields": {"check_point": 2, "player": "181", "duration": "00:48:44.985382", "check_in_time": "2015-09-13T15:01:38.000Z"}, "model": "timetracker_app.recordtime", "pk": 95}, {"fields": {"check_point": 2, "player": "127", "duration": "00:45:18.576990", "check_in_time": "2015-09-13T15:01:59.888Z"}, "model": "timetracker_app.recordtime", "pk": 96}, {"fields": {"check_point": 2, "player": "202", "duration": "00:43:28.976499", "check_in_time": "2015-09-13T15:02:07.168Z"}, "model": "timetracker_app.recordtime", "pk": 97}, {"fields": {"check_point": 2, "player": "182", "duration": "00:46:36.247783", "check_in_time": "2015-09-13T15:02:16.303Z"}, "model": "timetracker_app.recordtime", "pk": 98}, {"fields": {"check_point": 2, "player": "175", "duration": "00:50:42.876617", "check_in_time": "2015-09-13T15:02:23.532Z"}, "model": "timetracker_app.recordtime", "pk": 99}, {"fields": {"check_point": 2, "player": "212", "duration": "00:44:47.343547", "check_in_time": "2015-09-13T15:02:30.884Z"}, "model": "timetracker_app.recordtime", "pk": 100}, {"fields": {"check_point": 2, "player": "125", "duration": "00:48:24.261429", "check_in_time": "2015-09-13T15:02:52.263Z"}, "model": "timetracker_app.recordtime", "pk": 101}, {"fields": {"check_point": 2, "player": "131", "duration": "00:46:23.494625", "check_in_time": "2015-09-13T15:03:01.058Z"}, "model": "timetracker_app.recordtime", "pk": 102}, {"fields": {"check_point": 2, "player": "173", "duration": "00:59:35.531501", "check_in_time": "2015-09-13T15:03:40.706Z"}, "model": "timetracker_app.recordtime", "pk": 103}, {"fields": {"check_point": 2, "player": "132", "duration": "00:43:48.336660", "check_in_time": "2015-09-13T15:05:27.507Z"}, "model": "timetracker_app.recordtime", "pk": 104}, {"fields": {"check_point": 2, "player": "168", "duration": "00:43:47.395574", "check_in_time": "2015-09-13T15:05:33.294Z"}, "model": "timetracker_app.recordtime", "pk": 105}, {"fields": {"check_point": 2, "player": "207", "duration": "00:47:58.557313", "check_in_time": "2015-09-13T15:07:42.682Z"}, "model": "timetracker_app.recordtime", "pk": 106}, {"fields": {"check_point": 2, "player": "158", "duration": "00:59:55.464440", "check_in_time": "2015-09-13T15:09:39.982Z"}, "model": "timetracker_app.recordtime", "pk": 107}, {"fields": {"check_point": 2, "player": "145", "duration": "01:02:38.937511", "check_in_time": "2015-09-13T15:09:56.241Z"}, "model": "timetracker_app.recordtime", "pk": 108}, {"fields": {"check_point": 2, "player": "204", "duration": "01:00:29.431035", "check_in_time": "2015-09-13T15:10:09.603Z"}, "model": "timetracker_app.recordtime", "pk": 109}, {"fields": {"check_point": 2, "player": "215", "duration": "00:52:37.287012", "check_in_time": "2015-09-13T15:10:16.810Z"}, "model": "timetracker_app.recordtime", "pk": 110}, {"fields": {"check_point": 2, "player": "167", "duration": "00:49:52.691064", "check_in_time": "2015-09-13T15:10:33.787Z"}, "model": "timetracker_app.recordtime", "pk": 111}, {"fields": {"check_point": 2, "player": "210", "duration": "01:00:00.699011", "check_in_time": "2015-09-13T15:10:44.693Z"}, "model": "timetracker_app.recordtime", "pk": 112}, {"fields": {"check_point": 2, "player": "211", "duration": "01:00:24.881722", "check_in_time": "2015-09-13T15:11:03.134Z"}, "model": "timetracker_app.recordtime", "pk": 113}, {"fields": {"check_point": 2, "player": "164", "duration": "00:52:31.012797", "check_in_time": "2015-09-13T15:12:10.116Z"}, "model": "timetracker_app.recordtime", "pk": 114}, {"fields": {"check_point": 2, "player": "216", "duration": "00:54:17.746990", "check_in_time": "2015-09-13T15:13:01.641Z"}, "model": "timetracker_app.recordtime", "pk": 115}, {"fields": {"check_point": 2, "player": "141", "duration": "00:45:48.218486", "check_in_time": "2015-09-13T15:13:30.877Z"}, "model": "timetracker_app.recordtime", "pk": 116}, {"fields": {"check_point": 2, "player": "186", "duration": "00:43:01.729469", "check_in_time": "2015-09-13T15:13:41.124Z"}, "model": "timetracker_app.recordtime", "pk": 117}, {"fields": {"check_point": 2, "player": "174", "duration": "00:47:08.543662", "check_in_time": "2015-09-13T15:13:52.698Z"}, "model": "timetracker_app.recordtime", "pk": 118}, {"fields": {"check_point": 2, "player": "177", "duration": "00:48:14.050374", "check_in_time": "2015-09-13T15:13:59.234Z"}, "model": "timetracker_app.recordtime", "pk": 119}, {"fields": {"check_point": 2, "player": "157", "duration": "00:44:27.205254", "check_in_time": "2015-09-13T15:14:13.499Z"}, "model": "timetracker_app.recordtime", "pk": 120}, {"fields": {"check_point": 2, "player": "144", "duration": "00:52:10.499348", "check_in_time": "2015-09-13T15:14:49.850Z"}, "model": "timetracker_app.recordtime", "pk": 121}, {"fields": {"check_point": 2, "player": "165", "duration": "00:40:13.319499", "check_in_time": "2015-09-13T15:14:54.724Z"}, "model": "timetracker_app.recordtime", "pk": 122}, {"fields": {"check_point": 2, "player": "129", "duration": "00:49:21.947946", "check_in_time": "2015-09-13T15:15:01.633Z"}, "model": "timetracker_app.recordtime", "pk": 123}, {"fields": {"check_point": 2, "player": "153", "duration": "00:39:30.830103", "check_in_time": "2015-09-13T15:15:10.006Z"}, "model": "timetracker_app.recordtime", "pk": 124}, {"fields": {"check_point": 2, "player": "220", "duration": "00:39:29.896018", "check_in_time": "2015-09-13T15:15:20.033Z"}, "model": "timetracker_app.recordtime", "pk": 125}, {"fields": {"check_point": 2, "player": "155", "duration": "00:45:41.820686", "check_in_time": "2015-09-13T15:15:23.386Z"}, "model": "timetracker_app.recordtime", "pk": 126}, {"fields": {"check_point": 2, "player": "198", "duration": "00:46:42.999236", "check_in_time": "2015-09-13T15:15:29.798Z"}, "model": "timetracker_app.recordtime", "pk": 127}, {"fields": {"check_point": 2, "player": "133", "duration": "00:52:58.474091", "check_in_time": "2015-09-13T15:15:41.771Z"}, "model": "timetracker_app.recordtime", "pk": 128}, {"fields": {"check_point": 2, "player": "199", "duration": "00:48:09.823062", "check_in_time": "2015-09-13T15:20:01.017Z"}, "model": "timetracker_app.recordtime", "pk": 129}, {"fields": {"check_point": 2, "player": "184", "duration": "00:51:39.482148", "check_in_time": "2015-09-13T15:20:20.769Z"}, "model": "timetracker_app.recordtime", "pk": 130}, {"fields": {"check_point": 2, "player": "128", "duration": "00:48:43.920050", "check_in_time": "2015-09-13T15:21:29.798Z"}, "model": "timetracker_app.recordtime", "pk": 131}, {"fields": {"check_point": 2, "player": "151", "duration": "00:51:43.995300", "check_in_time": "2015-09-13T15:25:28.541Z"}, "model": "timetracker_app.recordtime", "pk": 132}, {"fields": {"check_point": 2, "player": "162", "duration": "00:59:05.244446", "check_in_time": "2015-09-13T15:26:44.337Z"}, "model": "timetracker_app.recordtime", "pk": 133}, {"fields": {"check_point": 2, "player": "188", "duration": "00:55:06.987585", "check_in_time": "2015-09-13T15:26:48.346Z"}, "model": "timetracker_app.recordtime", "pk": 134}, {"fields": {"check_point": 2, "player": "163", "duration": "01:00:12.175900", "check_in_time": "2015-09-13T15:26:52.294Z"}, "model": "timetracker_app.recordtime", "pk": 135}, {"fields": {"check_point": 2, "player": "187", "duration": "00:47:16.275830", "check_in_time": "2015-09-13T15:27:05.174Z"}, "model": "timetracker_app.recordtime", "pk": 136}, {"fields": {"check_point": 2, "player": "176", "duration": "00:54:46.625390", "check_in_time": "2015-09-13T15:27:27.274Z"}, "model": "timetracker_app.recordtime", "pk": 137}, {"fields": {"check_point": 2, "player": "194", "duration": "00:50:45.687803", "check_in_time": "2015-09-13T15:27:31.221Z"}, "model": "timetracker_app.recordtime", "pk": 138}, {"fields": {"check_point": 2, "player": "192", "duration": "00:57:06.233866", "check_in_time": "2015-09-13T15:27:51.676Z"}, "model": "timetracker_app.recordtime", "pk": 139}, {"fields": {"check_point": 2, "player": "208", "duration": "00:48:20.579403", "check_in_time": "2015-09-13T15:28:05.278Z"}, "model": "timetracker_app.recordtime", "pk": 140}, {"fields": {"check_point": 2, "player": "134", "duration": "00:50:10.003631", "check_in_time": "2015-09-13T15:28:50.803Z"}, "model": "timetracker_app.recordtime", "pk": 141}, {"fields": {"check_point": 2, "player": "160", "duration": "00:46:13.315631", "check_in_time": "2015-09-13T15:28:56.447Z"}, "model": "timetracker_app.recordtime", "pk": 142}, {"fields": {"check_point": 2, "player": "161", "duration": "00:45:47.481434", "check_in_time": "2015-09-13T15:29:27.136Z"}, "model": "timetracker_app.recordtime", "pk": 143}, {"fields": {"check_point": 2, "player": "203", "duration": "00:53:32.065799", "check_in_time": "2015-09-13T15:30:14.091Z"}, "model": "timetracker_app.recordtime", "pk": 144}, {"fields": {"check_point": 2, "player": "137", "duration": "00:56:18.930109", "check_in_time": "2015-09-13T15:31:04.538Z"}, "model": "timetracker_app.recordtime", "pk": 145}, {"fields": {"check_point": 2, "player": "142", "duration": "00:53:49.963518", "check_in_time": "2015-09-13T15:31:30.354Z"}, "model": "timetracker_app.recordtime", "pk": 146}, {"fields": {"check_point": 2, "player": "191", "duration": "00:52:13.638085", "check_in_time": "2015-09-13T15:33:58.484Z"}, "model": "timetracker_app.recordtime", "pk": 147}, {"fields": {"check_point": 2, "player": "138", "duration": "00:52:22.414955", "check_in_time": "2015-09-13T15:34:01.473Z"}, "model": "timetracker_app.recordtime", "pk": 148}, {"fields": {"check_point": 2, "player": "205", "duration": "01:13:45.082718", "check_in_time": "2015-09-13T15:34:22.272Z"}, "model": "timetracker_app.recordtime", "pk": 149}, {"fields": {"check_point": 2, "player": "152", "duration": "01:20:06.425747", "check_in_time": "2015-09-13T15:34:29.551Z"}, "model": "timetracker_app.recordtime", "pk": 150}, {"fields": {"check_point": 3, "player": "147", "duration": "00:46:54.184277", "check_in_time": "2015-09-13T15:38:34.907Z"}, "model": "timetracker_app.recordtime", "pk": 151}, {"fields": {"check_point": 2, "player": "130", "duration": "00:59:50.654172", "check_in_time": "2015-09-13T15:38:37.119Z"}, "model": "timetracker_app.recordtime", "pk": 152}, {"fields": {"check_point": 2, "player": "190", "duration": "00:52:59.303721", "check_in_time": "2015-09-13T15:38:39.008Z"}, "model": "timetracker_app.recordtime", "pk": 153}, {"fields": {"check_point": 3, "player": "213", "duration": "00:46:33.787555", "check_in_time": "2015-09-13T15:38:44.263Z"}, "model": "timetracker_app.recordtime", "pk": 154}, {"fields": {"check_point": 3, "player": "159", "duration": "00:43:03.190534", "check_in_time": "2015-09-13T15:39:16.298Z"}, "model": "timetracker_app.recordtime", "pk": 155}, {"fields": {"check_point": 2, "player": "183", "duration": "00:54:36.739446", "check_in_time": "2015-09-13T15:39:17.626Z"}, "model": "timetracker_app.recordtime", "pk": 156}, {"fields": {"check_point": 2, "player": "172", "duration": "00:55:35.993102", "check_in_time": "2015-09-13T15:39:20.892Z"}, "model": "timetracker_app.recordtime", "pk": 157}, {"fields": {"check_point": 2, "player": "143", "duration": "01:14:41.720643", "check_in_time": "2015-09-13T15:39:26.443Z"}, "model": "timetracker_app.recordtime", "pk": 158}, {"fields": {"check_point": 3, "player": "170", "duration": "00:47:40.385444", "check_in_time": "2015-09-13T15:39:29.939Z"}, "model": "timetracker_app.recordtime", "pk": 159}, {"fields": {"check_point": 2, "player": "126", "duration": "00:52:48.565814", "check_in_time": "2015-09-13T15:39:30.543Z"}, "model": "timetracker_app.recordtime", "pk": 160}, {"fields": {"check_point": 2, "player": "171", "duration": "01:15:54.799646", "check_in_time": "2015-09-13T15:39:33.320Z"}, "model": "timetracker_app.recordtime", "pk": 161}, {"fields": {"check_point": 2, "player": "149", "duration": "00:53:58.087776", "check_in_time": "2015-09-13T15:39:43.890Z"}, "model": "timetracker_app.recordtime", "pk": 162}, {"fields": {"check_point": 2, "player": "196", "duration": "00:57:29.990937", "check_in_time": "2015-09-13T15:40:09.451Z"}, "model": "timetracker_app.recordtime", "pk": 163}, {"fields": {"check_point": 2, "player": "218", "duration": "00:59:54.740576", "check_in_time": "2015-09-13T15:40:35.626Z"}, "model": "timetracker_app.recordtime", "pk": 164}, {"fields": {"check_point": 2, "player": "156", "duration": "01:00:05.680765", "check_in_time": "2015-09-13T15:40:50.695Z"}, "model": "timetracker_app.recordtime", "pk": 165}, {"fields": {"check_point": 2, "player": "195", "duration": "00:55:15.602722", "check_in_time": "2015-09-13T15:43:21.377Z"}, "model": "timetracker_app.recordtime", "pk": 166}, {"fields": {"check_point": 3, "player": "135", "duration": "00:47:57.418900", "check_in_time": "2015-09-13T15:43:32.022Z"}, "model": "timetracker_app.recordtime", "pk": 167}, {"fields": {"check_point": 3, "player": "166", "duration": "00:47:45.297910", "check_in_time": "2015-09-13T15:43:48.356Z"}, "model": "timetracker_app.recordtime", "pk": 168}, {"fields": {"check_point": 3, "player": "185", "duration": "00:47:09.926856", "check_in_time": "2015-09-13T15:43:56.001Z"}, "model": "timetracker_app.recordtime", "pk": 169}, {"fields": {"check_point": 3, "player": "178", "duration": "00:49:09.685140", "check_in_time": "2015-09-13T15:44:53.318Z"}, "model": "timetracker_app.recordtime", "pk": 170}, {"fields": {"check_point": 2, "player": "201", "duration": "01:01:50.692014", "check_in_time": "2015-09-13T15:49:31.841Z"}, "model": "timetracker_app.recordtime", "pk": 171}, {"fields": {"check_point": 2, "player": "139", "duration": "01:03:22.479719", "check_in_time": "2015-09-13T15:50:01.548Z"}, "model": "timetracker_app.recordtime", "pk": 172}, {"fields": {"check_point": 3, "player": "168", "duration": "00:44:40.227781", "check_in_time": "2015-09-13T15:50:13.534Z"}, "model": "timetracker_app.recordtime", "pk": 173}, {"fields": {"check_point": 3, "player": "127", "duration": "00:48:19.496727", "check_in_time": "2015-09-13T15:50:19.398Z"}, "model": "timetracker_app.recordtime", "pk": 174}, {"fields": {"check_point": 3, "player": "204", "duration": "00:40:16.059891", "check_in_time": "2015-09-13T15:50:25.666Z"}, "model": "timetracker_app.recordtime", "pk": 175}, {"fields": {"check_point": 3, "player": "155", "duration": "00:36:05.909002", "check_in_time": "2015-09-13T15:51:29.300Z"}, "model": "timetracker_app.recordtime", "pk": 176}, {"fields": {"check_point": 3, "player": "144", "duration": "00:36:45.172664", "check_in_time": "2015-09-13T15:51:35.026Z"}, "model": "timetracker_app.recordtime", "pk": 177}, {"fields": {"check_point": 3, "player": "202", "duration": "00:49:34.522861", "check_in_time": "2015-09-13T15:51:41.695Z"}, "model": "timetracker_app.recordtime", "pk": 178}, {"fields": {"check_point": 3, "player": "158", "duration": "00:42:07.384110", "check_in_time": "2015-09-13T15:51:47.370Z"}, "model": "timetracker_app.recordtime", "pk": 179}, {"fields": {"check_point": 3, "player": "131", "duration": "00:49:07.648633", "check_in_time": "2015-09-13T15:52:08.711Z"}, "model": "timetracker_app.recordtime", "pk": 180}, {"fields": {"check_point": 3, "player": "182", "duration": "00:50:26.136535", "check_in_time": "2015-09-13T15:52:42.447Z"}, "model": "timetracker_app.recordtime", "pk": 181}, {"fields": {"check_point": 2, "player": "219", "duration": "01:05:19.120453", "check_in_time": "2015-09-13T15:53:06.712Z"}, "model": "timetracker_app.recordtime", "pk": 182}, {"fields": {"check_point": 2, "player": "140", "duration": "01:15:50.864758", "check_in_time": "2015-09-13T15:53:35.157Z"}, "model": "timetracker_app.recordtime", "pk": 183}, {"fields": {"check_point": 3, "player": "212", "duration": "00:51:42.441976", "check_in_time": "2015-09-13T15:54:13.330Z"}, "model": "timetracker_app.recordtime", "pk": 184}, {"fields": {"check_point": 3, "player": "207", "duration": "00:46:40.084810", "check_in_time": "2015-09-13T15:54:22.770Z"}, "model": "timetracker_app.recordtime", "pk": 185}, {"fields": {"check_point": 3, "player": "181", "duration": "00:53:30.343576", "check_in_time": "2015-09-13T15:55:08.348Z"}, "model": "timetracker_app.recordtime", "pk": 186}, {"fields": {"check_point": 3, "player": "165", "duration": "00:40:27.259022", "check_in_time": "2015-09-13T15:55:21.988Z"}, "model": "timetracker_app.recordtime", "pk": 187}, {"fields": {"check_point": 3, "player": "220", "duration": "00:40:20.549897", "check_in_time": "2015-09-13T15:55:40.589Z"}, "model": "timetracker_app.recordtime", "pk": 188}, {"fields": {"check_point": 3, "player": "175", "duration": "00:53:28.065087", "check_in_time": "2015-09-13T15:55:51.607Z"}, "model": "timetracker_app.recordtime", "pk": 189}, {"fields": {"check_point": 3, "player": "157", "duration": "00:41:45.658021", "check_in_time": "2015-09-13T15:55:59.172Z"}, "model": "timetracker_app.recordtime", "pk": 190}, {"fields": {"check_point": 3, "player": "132", "duration": "00:50:39.356978", "check_in_time": "2015-09-13T15:56:06.870Z"}, "model": "timetracker_app.recordtime", "pk": 191}, {"fields": {"check_point": 3, "player": "153", "duration": "00:41:05.323020", "check_in_time": "2015-09-13T15:56:15.334Z"}, "model": "timetracker_app.recordtime", "pk": 192}, {"fields": {"check_point": 3, "player": "125", "duration": "00:53:30.362892", "check_in_time": "2015-09-13T15:56:22.640Z"}, "model": "timetracker_app.recordtime", "pk": 193}, {"fields": {"check_point": 3, "player": "209", "duration": "01:02:02.959407", "check_in_time": "2015-09-13T15:56:57.462Z"}, "model": "timetracker_app.recordtime", "pk": 194}, {"fields": {"check_point": 3, "player": "174", "duration": "00:43:18.919497", "check_in_time": "2015-09-13T15:57:11.627Z"}, "model": "timetracker_app.recordtime", "pk": 195}, {"fields": {"check_point": 3, "player": "173", "duration": "00:54:05.312138", "check_in_time": "2015-09-13T15:57:46.024Z"}, "model": "timetracker_app.recordtime", "pk": 196}, {"fields": {"check_point": 3, "player": "145", "duration": "00:48:39.463358", "check_in_time": "2015-09-13T15:58:35.709Z"}, "model": "timetracker_app.recordtime", "pk": 197}, {"fields": {"check_point": 3, "player": "210", "duration": "00:48:15.946956", "check_in_time": "2015-09-13T15:59:00.644Z"}, "model": "timetracker_app.recordtime", "pk": 198}, {"fields": {"check_point": 3, "player": "167", "duration": "00:48:36.082436", "check_in_time": "2015-09-13T15:59:09.873Z"}, "model": "timetracker_app.recordtime", "pk": 199}, {"fields": {"check_point": 3, "player": "211", "duration": "00:49:01.690039", "check_in_time": "2015-09-13T16:00:04.830Z"}, "model": "timetracker_app.recordtime", "pk": 200}, {"fields": {"check_point": 3, "player": "129", "duration": "00:45:34.582562", "check_in_time": "2015-09-13T16:00:36.222Z"}, "model": "timetracker_app.recordtime", "pk": 201}, {"fields": {"check_point": 2, "player": "150", "duration": null, "check_in_time": "2015-09-13T16:01:45.308Z"}, "model": "timetracker_app.recordtime", "pk": 202}, {"fields": {"check_point": 3, "player": "164", "duration": "00:51:15.475429", "check_in_time": "2015-09-13T16:03:25.596Z"}, "model": "timetracker_app.recordtime", "pk": 203}, {"fields": {"check_point": 3, "player": "198", "duration": "00:49:27.772827", "check_in_time": "2015-09-13T16:04:57.575Z"}, "model": "timetracker_app.recordtime", "pk": 204}, {"fields": {"check_point": 2, "player": "189", "duration": "01:42:24.978943", "check_in_time": "2015-09-13T16:06:07.563Z"}, "model": "timetracker_app.recordtime", "pk": 205}, {"fields": {"check_point": 3, "player": "215", "duration": "00:58:41.427607", "check_in_time": "2015-09-13T16:08:58.241Z"}, "model": "timetracker_app.recordtime", "pk": 206}, {"fields": {"check_point": 3, "player": "133", "duration": "00:53:48.093753", "check_in_time": "2015-09-13T16:09:29.868Z"}, "model": "timetracker_app.recordtime", "pk": 207}, {"fields": {"check_point": 4, "player": "147", "duration": "00:31:33.270392", "check_in_time": "2015-09-13T16:10:08.181Z"}, "model": "timetracker_app.recordtime", "pk": 208}, {"fields": {"check_point": 3, "player": "208", "duration": "00:42:37.218777", "check_in_time": "2015-09-13T16:10:42.501Z"}, "model": "timetracker_app.recordtime", "pk": 209}, {"fields": {"check_point": 3, "player": "199", "duration": "00:50:55.474628", "check_in_time": "2015-09-13T16:10:56.498Z"}, "model": "timetracker_app.recordtime", "pk": 210}, {"fields": {"check_point": 3, "player": "128", "duration": "00:49:37.243410", "check_in_time": "2015-09-13T16:11:07.047Z"}, "model": "timetracker_app.recordtime", "pk": 211}, {"fields": {"check_point": 4, "player": "159", "duration": "00:31:51.116390", "check_in_time": "2015-09-13T16:11:07.420Z"}, "model": "timetracker_app.recordtime", "pk": 212}, {"fields": {"check_point": 3, "player": "186", "duration": "00:57:43.856903", "check_in_time": "2015-09-13T16:11:24.985Z"}, "model": "timetracker_app.recordtime", "pk": 213}, {"fields": {"check_point": 4, "player": "213", "duration": "00:32:54.928237", "check_in_time": "2015-09-13T16:11:39.207Z"}, "model": "timetracker_app.recordtime", "pk": 214}, {"fields": {"check_point": 3, "player": "177", "duration": "00:57:43.596099", "check_in_time": "2015-09-13T16:11:42.843Z"}, "model": "timetracker_app.recordtime", "pk": 215}, {"fields": {"check_point": 3, "player": "184", "duration": "00:51:31.502801", "check_in_time": "2015-09-13T16:11:52.277Z"}, "model": "timetracker_app.recordtime", "pk": 216}, {"fields": {"check_point": 3, "player": "192", "duration": "00:44:41.328877", "check_in_time": "2015-09-13T16:12:33.009Z"}, "model": "timetracker_app.recordtime", "pk": 217}, {"fields": {"check_point": 3, "player": "197", "duration": "01:48:22.572830", "check_in_time": "2015-09-13T16:13:01.994Z"}, "model": "timetracker_app.recordtime", "pk": 218}, {"fields": {"check_point": 3, "player": "216", "duration": "01:00:09.493672", "check_in_time": "2015-09-13T16:13:11.140Z"}, "model": "timetracker_app.recordtime", "pk": 219}, {"fields": {"check_point": 3, "player": "141", "duration": "00:59:48.625772", "check_in_time": "2015-09-13T16:13:19.506Z"}, "model": "timetracker_app.recordtime", "pk": 220}, {"fields": {"check_point": 4, "player": "135", "duration": "00:30:12.634596", "check_in_time": "2015-09-13T16:13:44.661Z"}, "model": "timetracker_app.recordtime", "pk": 221}, {"fields": {"check_point": 3, "player": "161", "duration": "00:44:18.031289", "check_in_time": "2015-09-13T16:13:45.173Z"}, "model": "timetracker_app.recordtime", "pk": 222}, {"fields": {"check_point": 4, "player": "158", "duration": "00:22:36.087997", "check_in_time": "2015-09-13T16:14:23.464Z"}, "model": "timetracker_app.recordtime", "pk": 223}, {"fields": {"check_point": 3, "player": "130", "duration": "00:36:36.614999", "check_in_time": "2015-09-13T16:15:13.738Z"}, "model": "timetracker_app.recordtime", "pk": 224}, {"fields": {"check_point": 3, "player": "160", "duration": "00:46:45.479958", "check_in_time": "2015-09-13T16:15:41.932Z"}, "model": "timetracker_app.recordtime", "pk": 225}, {"fields": {"check_point": 4, "player": "144", "duration": "00:24:50.915862", "check_in_time": "2015-09-13T16:16:25.948Z"}, "model": "timetracker_app.recordtime", "pk": 226}, {"fields": {"check_point": 4, "player": "166", "duration": "00:32:47.525825", "check_in_time": "2015-09-13T16:16:35.886Z"}, "model": "timetracker_app.recordtime", "pk": 227}, {"fields": {"check_point": 3, "player": "188", "duration": "00:51:13.588718", "check_in_time": "2015-09-13T16:18:01.941Z"}, "model": "timetracker_app.recordtime", "pk": 228}, {"fields": {"check_point": 4, "player": "168", "duration": "00:27:52.229523", "check_in_time": "2015-09-13T16:18:05.768Z"}, "model": "timetracker_app.recordtime", "pk": 229}, {"fields": {"check_point": 3, "player": "151", "duration": "00:53:55.833600", "check_in_time": "2015-09-13T16:19:24.387Z"}, "model": "timetracker_app.recordtime", "pk": 230}, {"fields": {"check_point": 4, "player": "127", "duration": "00:29:12.423990", "check_in_time": "2015-09-13T16:19:31.827Z"}, "model": "timetracker_app.recordtime", "pk": 231}, {"fields": {"check_point": 3, "player": "134", "duration": "00:50:48.958123", "check_in_time": "2015-09-13T16:19:39.765Z"}, "model": "timetracker_app.recordtime", "pk": 232}, {"fields": {"check_point": 3, "player": "176", "duration": "00:52:24.686494", "check_in_time": "2015-09-13T16:19:51.966Z"}, "model": "timetracker_app.recordtime", "pk": 233}, {"fields": {"check_point": 3, "player": "190", "duration": "00:41:26.006790", "check_in_time": "2015-09-13T16:20:05.019Z"}, "model": "timetracker_app.recordtime", "pk": 234}, {"fields": {"check_point": 3, "player": "194", "duration": "00:52:42.320830", "check_in_time": "2015-09-13T16:20:13.554Z"}, "model": "timetracker_app.recordtime", "pk": 235}, {"fields": {"check_point": 3, "player": "156", "duration": "00:39:37.979745", "check_in_time": "2015-09-13T16:20:28.691Z"}, "model": "timetracker_app.recordtime", "pk": 236}, {"fields": {"check_point": 3, "player": "137", "duration": "00:49:34.712917", "check_in_time": "2015-09-13T16:20:39.256Z"}, "model": "timetracker_app.recordtime", "pk": 237}, {"fields": {"check_point": 4, "player": "204", "duration": "00:30:16.410401", "check_in_time": "2015-09-13T16:20:42.088Z"}, "model": "timetracker_app.recordtime", "pk": 238}, {"fields": {"check_point": 3, "player": "162", "duration": "00:54:06.829364", "check_in_time": "2015-09-13T16:20:51.173Z"}, "model": "timetracker_app.recordtime", "pk": 239}, {"fields": {"check_point": 3, "player": "163", "duration": "00:54:06.058679", "check_in_time": "2015-09-13T16:20:58.357Z"}, "model": "timetracker_app.recordtime", "pk": 240}, {"fields": {"check_point": 3, "player": "138", "duration": "00:47:02.486979", "check_in_time": "2015-09-13T16:21:03.966Z"}, "model": "timetracker_app.recordtime", "pk": 241}, {"fields": {"check_point": 3, "player": "203", "duration": "00:51:07.907401", "check_in_time": "2015-09-13T16:21:22.003Z"}, "model": "timetracker_app.recordtime", "pk": 242}, {"fields": {"check_point": 4, "player": "178", "duration": "00:37:51.647163", "check_in_time": "2015-09-13T16:22:44.970Z"}, "model": "timetracker_app.recordtime", "pk": 243}, {"fields": {"check_point": 3, "player": "205", "duration": "00:48:23.236963", "check_in_time": "2015-09-13T16:22:45.513Z"}, "model": "timetracker_app.recordtime", "pk": 244}, {"fields": {"check_point": 3, "player": "191", "duration": "00:49:13.309244", "check_in_time": "2015-09-13T16:23:11.798Z"}, "model": "timetracker_app.recordtime", "pk": 245}, {"fields": {"check_point": 4, "player": "155", "duration": "00:31:57.034716", "check_in_time": "2015-09-13T16:23:26.338Z"}, "model": "timetracker_app.recordtime", "pk": 246}, {"fields": {"check_point": 4, "player": "202", "duration": "00:31:59.092195", "check_in_time": "2015-09-13T16:23:40.792Z"}, "model": "timetracker_app.recordtime", "pk": 247}, {"fields": {"check_point": 3, "player": "187", "duration": "00:57:01.807468", "check_in_time": "2015-09-13T16:24:06.986Z"}, "model": "timetracker_app.recordtime", "pk": 248}, {"fields": {"check_point": 3, "player": "142", "duration": "00:55:41.543784", "check_in_time": "2015-09-13T16:27:11.909Z"}, "model": "timetracker_app.recordtime", "pk": 249}, {"fields": {"check_point": 4, "player": "157", "duration": "00:31:13.851849", "check_in_time": "2015-09-13T16:27:13.028Z"}, "model": "timetracker_app.recordtime", "pk": 250}, {"fields": {"check_point": 3, "player": "152", "duration": "00:53:15.949517", "check_in_time": "2015-09-13T16:27:45.506Z"}, "model": "timetracker_app.recordtime", "pk": 251}, {"fields": {"check_point": 4, "player": "185", "duration": "00:43:54.137927", "check_in_time": "2015-09-13T16:27:50.143Z"}, "model": "timetracker_app.recordtime", "pk": 252}, {"fields": {"check_point": 4, "player": "220", "duration": "00:33:30.457836", "check_in_time": "2015-09-13T16:29:11.052Z"}, "model": "timetracker_app.recordtime", "pk": 253}, {"fields": {"check_point": 4, "player": "153", "duration": "00:33:38.322194", "check_in_time": "2015-09-13T16:29:53.660Z"}, "model": "timetracker_app.recordtime", "pk": 254}, {"fields": {"check_point": 3, "player": "195", "duration": "00:47:04.415737", "check_in_time": "2015-09-13T16:30:25.797Z"}, "model": "timetracker_app.recordtime", "pk": 255}, {"fields": {"check_point": 4, "player": "131", "duration": "00:38:20.250490", "check_in_time": "2015-09-13T16:30:28.965Z"}, "model": "timetracker_app.recordtime", "pk": 256}, {"fields": {"check_point": 4, "player": "209", "duration": "00:33:34.331585", "check_in_time": "2015-09-13T16:30:31.797Z"}, "model": "timetracker_app.recordtime", "pk": 257}, {"fields": {"check_point": 4, "player": "207", "duration": "00:36:52.919083", "check_in_time": "2015-09-13T16:31:15.700Z"}, "model": "timetracker_app.recordtime", "pk": 258}, {"fields": {"check_point": 4, "player": "173", "duration": "00:33:33.431088", "check_in_time": "2015-09-13T16:31:19.459Z"}, "model": "timetracker_app.recordtime", "pk": 259}, {"fields": {"check_point": 4, "player": "129", "duration": "00:30:52.948303", "check_in_time": "2015-09-13T16:31:29.176Z"}, "model": "timetracker_app.recordtime", "pk": 260}, {"fields": {"check_point": 3, "player": "183", "duration": "00:52:12.173583", "check_in_time": "2015-09-13T16:31:29.841Z"}, "model": "timetracker_app.recordtime", "pk": 261}, {"fields": {"check_point": 4, "player": "181", "duration": "00:36:31.987711", "check_in_time": "2015-09-13T16:31:40.341Z"}, "model": "timetracker_app.recordtime", "pk": 262}, {"fields": {"check_point": 4, "player": "145", "duration": "00:33:14.889763", "check_in_time": "2015-09-13T16:31:50.603Z"}, "model": "timetracker_app.recordtime", "pk": 263}, {"fields": {"check_point": 4, "player": "165", "duration": "00:36:48.390060", "check_in_time": "2015-09-13T16:32:10.382Z"}, "model": "timetracker_app.recordtime", "pk": 264}, {"fields": {"check_point": 4, "player": "174", "duration": "00:35:18.020375", "check_in_time": "2015-09-13T16:32:29.652Z"}, "model": "timetracker_app.recordtime", "pk": 265}, {"fields": {"check_point": 4, "player": "170", "duration": "00:53:04.471080", "check_in_time": "2015-09-13T16:32:34.423Z"}, "model": "timetracker_app.recordtime", "pk": 266}, {"fields": {"check_point": 4, "player": "125", "duration": "00:37:03.150370", "check_in_time": "2015-09-13T16:33:25.795Z"}, "model": "timetracker_app.recordtime", "pk": 267}, {"fields": {"check_point": 4, "player": "175", "duration": "00:37:43.396124", "check_in_time": "2015-09-13T16:33:35.009Z"}, "model": "timetracker_app.recordtime", "pk": 268}, {"fields": {"check_point": 4, "player": "212", "duration": "00:39:48.248062", "check_in_time": "2015-09-13T16:34:01.582Z"}, "model": "timetracker_app.recordtime", "pk": 269}, {"fields": {"check_point": 3, "player": "172", "duration": "00:54:54.684599", "check_in_time": "2015-09-13T16:34:15.587Z"}, "model": "timetracker_app.recordtime", "pk": 270}, {"fields": {"check_point": 3, "player": "126", "duration": "00:55:05.730432", "check_in_time": "2015-09-13T16:34:36.278Z"}, "model": "timetracker_app.recordtime", "pk": 271}, {"fields": {"check_point": 3, "player": "143", "duration": "01:00:00.242028", "check_in_time": "2015-09-13T16:39:26.689Z"}, "model": "timetracker_app.recordtime", "pk": 272}, {"fields": {"check_point": 3, "player": "171", "duration": "01:00:03.598502", "check_in_time": "2015-09-13T16:39:36.931Z"}, "model": "timetracker_app.recordtime", "pk": 273}, {"fields": {"check_point": 4, "player": "182", "duration": "00:48:04.668317", "check_in_time": "2015-09-13T16:40:47.131Z"}, "model": "timetracker_app.recordtime", "pk": 274}, {"fields": {"check_point": 3, "player": "149", "duration": "01:01:03.518523", "check_in_time": "2015-09-13T16:40:47.414Z"}, "model": "timetracker_app.recordtime", "pk": 275}, {"fields": {"check_point": 4, "player": "128", "duration": "00:31:44.850498", "check_in_time": "2015-09-13T16:42:51.902Z"}, "model": "timetracker_app.recordtime", "pk": 276}, {"fields": {"check_point": 3, "player": "196", "duration": "01:02:56.076437", "check_in_time": "2015-09-13T16:43:05.530Z"}, "model": "timetracker_app.recordtime", "pk": 277}, {"fields": {"check_point": 3, "player": "139", "duration": "00:53:36.186226", "check_in_time": "2015-09-13T16:43:37.738Z"}, "model": "timetracker_app.recordtime", "pk": 278}, {"fields": {"check_point": 4, "player": "208", "duration": "00:33:25.429686", "check_in_time": "2015-09-13T16:44:07.937Z"}, "model": "timetracker_app.recordtime", "pk": 279}, {"fields": {"check_point": 3, "player": "140", "duration": "00:51:17.434791", "check_in_time": "2015-09-13T16:44:52.596Z"}, "model": "timetracker_app.recordtime", "pk": 280}, {"fields": {"check_point": 3, "player": "189", "duration": "00:39:34.901243", "check_in_time": "2015-09-13T16:45:42.470Z"}, "model": "timetracker_app.recordtime", "pk": 281}, {"fields": {"check_point": 4, "player": "210", "duration": "00:46:43.279666", "check_in_time": "2015-09-13T16:45:43.928Z"}, "model": "timetracker_app.recordtime", "pk": 282}, {"fields": {"check_point": 3, "player": "218", "duration": "01:05:35.133074", "check_in_time": "2015-09-13T16:46:10.763Z"}, "model": "timetracker_app.recordtime", "pk": 283}, {"fields": {"check_point": 4, "player": "192", "duration": null, "check_in_time": "2015-09-13T16:46:43.848Z"}, "model": "timetracker_app.recordtime", "pk": 284}, {"fields": {"check_point": 4, "player": "211", "duration": "00:47:31.081562", "check_in_time": "2015-09-13T16:47:35.915Z"}, "model": "timetracker_app.recordtime", "pk": 285}, {"fields": {"check_point": 4, "player": "190", "duration": "00:27:38.770598", "check_in_time": "2015-09-13T16:47:43.800Z"}, "model": "timetracker_app.recordtime", "pk": 286}, {"fields": {"check_point": 4, "player": "132", "duration": "00:52:03.518211", "check_in_time": "2015-09-13T16:48:10.402Z"}, "model": "timetracker_app.recordtime", "pk": 287}, {"fields": {"check_point": 4, "player": "167", "duration": "00:49:14.909879", "check_in_time": "2015-09-13T16:48:24.786Z"}, "model": "timetracker_app.recordtime", "pk": 288}, {"fields": {"check_point": 4, "player": "164", "duration": "00:45:38.841129", "check_in_time": "2015-09-13T16:49:04.442Z"}, "model": "timetracker_app.recordtime", "pk": 289}, {"fields": {"check_point": 4, "player": "198", "duration": "00:44:19.666871", "check_in_time": "2015-09-13T16:49:17.247Z"}, "model": "timetracker_app.recordtime", "pk": 290}, {"fields": {"check_point": 3, "player": "219", "duration": "00:57:03.784859", "check_in_time": "2015-09-13T16:50:10.509Z"}, "model": "timetracker_app.recordtime", "pk": 291}, {"fields": {"check_point": 4, "player": "134", "duration": "00:32:04.522417", "check_in_time": "2015-09-13T16:51:44.292Z"}, "model": "timetracker_app.recordtime", "pk": 292}, {"fields": {"check_point": 4, "player": "184", "duration": "00:40:40.852122", "check_in_time": "2015-09-13T16:52:33.137Z"}, "model": "timetracker_app.recordtime", "pk": 293}, {"fields": {"check_point": 4, "player": "138", "duration": "00:33:56.724523", "check_in_time": "2015-09-13T16:55:00.705Z"}, "model": "timetracker_app.recordtime", "pk": 294}, {"fields": {"check_point": 4, "player": "133", "duration": "00:46:06.450746", "check_in_time": "2015-09-13T16:55:36.322Z"}, "model": "timetracker_app.recordtime", "pk": 295}, {"fields": {"check_point": 4, "player": "160", "duration": "00:40:06.711157", "check_in_time": "2015-09-13T16:55:48.647Z"}, "model": "timetracker_app.recordtime", "pk": 296}, {"fields": {"check_point": 3, "player": "150", "duration": "00:54:07.716490", "check_in_time": "2015-09-13T16:55:53.037Z"}, "model": "timetracker_app.recordtime", "pk": 297}, {"fields": {"check_point": 4, "player": "203", "duration": null, "check_in_time": "2015-09-13T16:56:54.584Z"}, "model": "timetracker_app.recordtime", "pk": 298}, {"fields": {"check_point": 4, "player": "163", "duration": "00:36:03.918679", "check_in_time": "2015-09-13T16:57:02.282Z"}, "model": "timetracker_app.recordtime", "pk": 299}, {"fields": {"check_point": 4, "player": "162", "duration": "00:36:22.782834", "check_in_time": "2015-09-13T16:57:13.961Z"}, "model": "timetracker_app.recordtime", "pk": 300}, {"fields": {"check_point": 4, "player": "195", "duration": "00:28:20.513984", "check_in_time": "2015-09-13T16:58:46.327Z"}, "model": "timetracker_app.recordtime", "pk": 301}, {"fields": {"check_point": 4, "player": "130", "duration": "00:43:53.147828", "check_in_time": "2015-09-13T16:59:06.891Z"}, "model": "timetracker_app.recordtime", "pk": 302}, {"fields": {"check_point": 4, "player": "161", "duration": "00:45:42.409715", "check_in_time": "2015-09-13T16:59:27.586Z"}, "model": "timetracker_app.recordtime", "pk": 303}, {"fields": {"check_point": 4, "player": "186", "duration": "00:48:31.932546", "check_in_time": "2015-09-13T16:59:56.927Z"}, "model": "timetracker_app.recordtime", "pk": 304}, {"fields": {"check_point": 4, "player": "191", "duration": "00:37:46.393234", "check_in_time": "2015-09-13T17:00:58.195Z"}, "model": "timetracker_app.recordtime", "pk": 305}, {"fields": {"check_point": 4, "player": "177", "duration": "00:49:19.837809", "check_in_time": "2015-09-13T17:01:02.695Z"}, "model": "timetracker_app.recordtime", "pk": 306}, {"fields": {"check_point": 4, "player": "176", "duration": "00:42:19.248933", "check_in_time": "2015-09-13T17:02:11.219Z"}, "model": "timetracker_app.recordtime", "pk": 307}, {"fields": {"check_point": 4, "player": "199", "duration": "00:51:20.679666", "check_in_time": "2015-09-13T17:02:17.187Z"}, "model": "timetracker_app.recordtime", "pk": 308}, {"fields": {"check_point": 4, "player": "205", "duration": "00:41:20.505965", "check_in_time": "2015-09-13T17:04:06.031Z"}, "model": "timetracker_app.recordtime", "pk": 309}, {"fields": {"check_point": 3, "player": "201", "duration": "01:17:45.256549", "check_in_time": "2015-09-13T17:07:17.103Z"}, "model": "timetracker_app.recordtime", "pk": 310}, {"fields": {"check_point": 4, "player": "187", "duration": "00:43:25.069336", "check_in_time": "2015-09-13T17:07:32.059Z"}, "model": "timetracker_app.recordtime", "pk": 311}, {"fields": {"check_point": 4, "player": "151", "duration": "00:48:12.234508", "check_in_time": "2015-09-13T17:07:36.626Z"}, "model": "timetracker_app.recordtime", "pk": 312}, {"fields": {"check_point": 4, "player": "137", "duration": "00:47:26.945771", "check_in_time": "2015-09-13T17:08:06.207Z"}, "model": "timetracker_app.recordtime", "pk": 313}, {"fields": {"check_point": 4, "player": "141", "duration": "00:58:07.825642", "check_in_time": "2015-09-13T17:11:27.338Z"}, "model": "timetracker_app.recordtime", "pk": 314}, {"fields": {"check_point": 4, "player": "156", "duration": "00:52:05.499786", "check_in_time": "2015-09-13T17:12:34.196Z"}, "model": "timetracker_app.recordtime", "pk": 315}, {"fields": {"check_point": 4, "player": "189", "duration": "00:28:00.910085", "check_in_time": "2015-09-13T17:13:43.394Z"}, "model": "timetracker_app.recordtime", "pk": 316}, {"fields": {"check_point": 4, "player": "183", "duration": "00:45:05.520411", "check_in_time": "2015-09-13T17:16:35.366Z"}, "model": "timetracker_app.recordtime", "pk": 317}, {"fields": {"check_point": 4, "player": "188", "duration": "00:59:14.765962", "check_in_time": "2015-09-13T17:17:16.720Z"}, "model": "timetracker_app.recordtime", "pk": 318}, {"fields": {"check_point": 4, "player": "142", "duration": "00:53:54.006268", "check_in_time": "2015-09-13T17:21:05.920Z"}, "model": "timetracker_app.recordtime", "pk": 319}, {"fields": {"check_point": 4, "player": "172", "duration": "00:54:21.653983", "check_in_time": "2015-09-13T17:28:37.246Z"}, "model": "timetracker_app.recordtime", "pk": 320}, {"fields": {"check_point": 4, "player": "126", "duration": "00:54:13.427468", "check_in_time": "2015-09-13T17:28:49.714Z"}, "model": "timetracker_app.recordtime", "pk": 321}, {"fields": {"check_point": 4, "player": "139", "duration": "00:46:14.880900", "check_in_time": "2015-09-13T17:29:52.623Z"}, "model": "timetracker_app.recordtime", "pk": 322}, {"fields": {"check_point": 4, "player": "143", "duration": "00:50:42.138519", "check_in_time": "2015-09-13T17:30:08.843Z"}, "model": "timetracker_app.recordtime", "pk": 323}, {"fields": {"check_point": 4, "player": "140", "duration": "00:45:48.116609", "check_in_time": "2015-09-13T17:30:40.718Z"}, "model": "timetracker_app.recordtime", "pk": 324}, {"fields": {"check_point": 4, "player": "152", "duration": "01:04:33.026975", "check_in_time": "2015-09-13T17:32:18.537Z"}, "model": "timetracker_app.recordtime", "pk": 325}, {"fields": {"check_point": 4, "player": "219", "duration": "00:46:01.138279", "check_in_time": "2015-09-13T17:36:11.651Z"}, "model": "timetracker_app.recordtime", "pk": 326}, {"fields": {"check_point": 4, "player": "149", "duration": "00:55:50.313218", "check_in_time": "2015-09-13T17:36:37.732Z"}, "model": "timetracker_app.recordtime", "pk": 327}, {"fields": {"check_point": 4, "player": "214", "duration": "02:54:55.700523", "check_in_time": "2015-09-13T17:39:41.885Z"}, "model": "timetracker_app.recordtime", "pk": 328}, {"fields": {"check_point": 4, "player": "150", "duration": "00:46:03.705109", "check_in_time": "2015-09-13T17:41:56.747Z"}, "model": "timetracker_app.recordtime", "pk": 329}, {"fields": {"check_point": 4, "player": "171", "duration": "01:03:11.228577", "check_in_time": "2015-09-13T17:42:48.164Z"}, "model": "timetracker_app.recordtime", "pk": 330}, {"fields": {"check_point": 4, "player": "196", "duration": "01:14:07.095741", "check_in_time": "2015-09-13T17:57:12.639Z"}, "model": "timetracker_app.recordtime", "pk": 331}, {"fields": {"codename": "add_logentry", "name": "Can add log entry", "content_type": 1}, "model": "auth.permission", "pk": 1}, {"fields": {"codename": "change_logentry", "name": "Can change log entry", "content_type": 1}, "model": "auth.permission", "pk": 2}, {"fields": {"codename": "delete_logentry", "name": "Can delete log entry", "content_type": 1}, "model": "auth.permission", "pk": 3}, {"fields": {"codename": "add_permission", "name": "Can add permission", "content_type": 2}, "model": "auth.permission", "pk": 4}, {"fields": {"codename": "change_permission", "name": "Can change permission", "content_type": 2}, "model": "auth.permission", "pk": 5}, {"fields": {"codename": "delete_permission", "name": "Can delete permission", "content_type": 2}, "model": "auth.permission", "pk": 6}, {"fields": {"codename": "add_group", "name": "Can add group", "content_type": 3}, "model": "auth.permission", "pk": 7}, {"fields": {"codename": "change_group", "name": "Can change group", "content_type": 3}, "model": "auth.permission", "pk": 8}, {"fields": {"codename": "delete_group", "name": "Can delete group", "content_type": 3}, "model": "auth.permission", "pk": 9}, {"fields": {"codename": "add_user", "name": "Can add user", "content_type": 4}, "model": "auth.permission", "pk": 10}, {"fields": {"codename": "change_user", "name": "Can change user", "content_type": 4}, "model": "auth.permission", "pk": 11}, {"fields": {"codename": "delete_user", "name": "Can delete user", "content_type": 4}, "model": "auth.permission", "pk": 12}, {"fields": {"codename": "add_contenttype", "name": "Can add content type", "content_type": 5}, "model": "auth.permission", "pk": 13}, {"fields": {"codename": "change_contenttype", "name": "Can change content type", "content_type": 5}, "model": "auth.permission", "pk": 14}, {"fields": {"codename": "delete_contenttype", "name": "Can delete content type", "content_type": 5}, "model": "auth.permission", "pk": 15}, {"fields": {"codename": "add_session", "name": "Can add session", "content_type": 6}, "model": "auth.permission", "pk": 16}, {"fields": {"codename": "change_session", "name": "Can change session", "content_type": 6}, "model": "auth.permission", "pk": 17}, {"fields": {"codename": "delete_session", "name": "Can delete session", "content_type": 6}, "model": "auth.permission", "pk": 18}, {"fields": {"codename": "add_player", "name": "Can add Jugador", "content_type": 7}, "model": "auth.permission", "pk": 19}, {"fields": {"codename": "change_player", "name": "Can change Jugador", "content_type": 7}, "model": "auth.permission", "pk": 20}, {"fields": {"codename": "delete_player", "name": "Can delete Jugador", "content_type": 7}, "model": "auth.permission", "pk": 21}, {"fields": {"codename": "add_checkpoint", "name": "Can add CheckPoint", "content_type": 8}, "model": "auth.permission", "pk": 22}, {"fields": {"codename": "change_checkpoint", "name": "Can change CheckPoint", "content_type": 8}, "model": "auth.permission", "pk": 23}, {"fields": {"codename": "delete_checkpoint", "name": "Can delete CheckPoint", "content_type": 8}, "model": "auth.permission", "pk": 24}, {"fields": {"codename": "add_recordtime", "name": "Can add Tiempo", "content_type": 9}, "model": "auth.permission", "pk": 25}, {"fields": {"codename": "change_recordtime", "name": "Can change Tiempo", "content_type": 9}, "model": "auth.permission", "pk": 26}, {"fields": {"codename": "delete_recordtime", "name": "Can delete Tiempo", "content_type": 9}, "model": "auth.permission", "pk": 27}, {"fields": {"username": "admin", "first_name": "", "last_name": "", "is_active": true, "is_superuser": true, "is_staff": true, "last_login": "2015-09-13T02:29:31.442Z", "groups": [], "user_permissions": [], "password": "pbkdf2_sha256$20000$hofmtVqZPeyi$Y0ts9LxJ6m4DULyq71mHF3BQLB5/VeHmI+KJKF0UUzg=", "email": "juannicolas@minipr.org", "date_joined": "2015-09-12T05:06:16.927Z"}, "model": "auth.user", "pk": 1}, {"fields": {"action_flag": 1, "action_time": "2015-09-12T05:08:00.627Z", "object_repr": "AG Servicio", "object_id": "1", "change_message": "", "user": 1, "content_type": 8}, "model": "admin.logentry", "pk": 1}, {"fields": {"action_flag": 1, "action_time": "2015-09-12T05:08:06.992Z", "object_repr": "El Corozo", "object_id": "2", "change_message": "", "user": 1, "content_type": 8}, "model": "admin.logentry", "pk": 2}, {"fields": {"action_flag": 1, "action_time": "2015-09-12T05:08:12.136Z", "object_repr": "Pa'Picar", "object_id": "3", "change_message": "", "user": 1, "content_type": 8}, "model": "admin.logentry", "pk": 3}, {"fields": {"action_flag": 1, "action_time": "2015-09-12T05:08:17.520Z", "object_repr": "Gasolina Beach Club", "object_id": "4", "change_message": "", "user": 1, "content_type": 8}, "model": "admin.logentry", "pk": 4}, {"fields": {"action_flag": 1, "action_time": "2015-09-13T02:53:25.964Z", "object_repr": "125", "object_id": "125", "change_message": "", "user": 1, "content_type": 7}, "model": "admin.logentry", "pk": 5}, {"fields": {"action_flag": 1, "action_time": "2015-09-13T02:53:41.406Z", "object_repr": "126", "object_id": "126", "change_message": "", "user": 1, "content_type": 7}, "model": "admin.logentry", "pk": 6}, {"fields": {"action_flag": 1, "action_time": "2015-09-13T02:58:10.348Z", "object_repr": "127", "object_id": "127", "change_message": "", "user": 1, "content_type": 7}, "model": "admin.logentry", "pk": 7}, {"fields": {"action_flag": 1, "action_time": "2015-09-13T02:58:26.581Z", "object_repr": "128", "object_id": "128", "change_message": "", "user": 1, "content_type": 7}, "model": "admin.logentry", "pk": 8}, {"fields": {"action_flag": 1, "action_time": "2015-09-13T02:58:35.784Z", "object_repr": "129", "object_id": "129", "change_message": "", "user": 1, "content_type": 7}, "model": "admin.logentry", "pk": 9}, {"fields": {"action_flag": 1, "action_time": "2015-09-13T02:58:57.535Z", "object_repr": "130", "object_id": "130", "change_message": "", "user": 1, "content_type": 7}, "model": "admin.logentry", "pk": 10}, {"fields": {"action_flag": 1, "action_time": "2015-09-13T02:59:05.538Z", "object_repr": "131", "object_id": "131", "change_message": "", "user": 1, "content_type": 7}, "model": "admin.logentry", "pk": 11}, {"fields": {"action_flag": 1, "action_time": "2015-09-13T02:59:12.787Z", "object_repr": "132", "object_id": "132", "change_message": "", "user": 1, "content_type": 7}, "model": "admin.logentry", "pk": 12}, {"fields": {"action_flag": 1, "action_time": "2015-09-13T02:59:19.671Z", "object_repr": "133", "object_id": "133", "change_message": "", "user": 1, "content_type": 7}, "model": "admin.logentry", "pk": 13}, {"fields": {"action_flag": 1, "action_time": "2015-09-13T02:59:33.955Z", "object_repr": "134", "object_id": "134", "change_message": "", "user": 1, "content_type": 7}, "model": "admin.logentry", "pk": 14}, {"fields": {"action_flag": 1, "action_time": "2015-09-13T02:59:42.607Z", "object_repr": "135", "object_id": "135", "change_message": "", "user": 1, "content_type": 7}, "model": "admin.logentry", "pk": 15}, {"fields": {"action_flag": 1, "action_time": "2015-09-13T03:00:28.486Z", "object_repr": "136", "object_id": "136", "change_message": "", "user": 1, "content_type": 7}, "model": "admin.logentry", "pk": 16}, {"fields": {"action_flag": 1, "action_time": "2015-09-13T03:00:35.467Z", "object_repr": "137", "object_id": "137", "change_message": "", "user": 1, "content_type": 7}, "model": "admin.logentry", "pk": 17}, {"fields": {"action_flag": 1, "action_time": "2015-09-13T03:00:50.504Z", "object_repr": "138", "object_id": "138", "change_message": "", "user": 1, "content_type": 7}, "model": "admin.logentry", "pk": 18}, {"fields": {"action_flag": 1, "action_time": "2015-09-13T03:04:43.689Z", "object_repr": "139", "object_id": "139", "change_message": "", "user": 1, "content_type": 7}, "model": "admin.logentry", "pk": 19}, {"fields": {"action_flag": 1, "action_time": "2015-09-13T03:04:51.735Z", "object_repr": "140", "object_id": "140", "change_message": "", "user": 1, "content_type": 7}, "model": "admin.logentry", "pk": 20}, {"fields": {"action_flag": 1, "action_time": "2015-09-13T03:07:36.998Z", "object_repr": "141", "object_id": "141", "change_message": "", "user": 1, "content_type": 7}, "model": "admin.logentry", "pk": 21}, {"fields": {"action_flag": 1, "action_time": "2015-09-13T03:07:43.986Z", "object_repr": "142", "object_id": "142", "change_message": "", "user": 1, "content_type": 7}, "model": "admin.logentry", "pk": 22}, {"fields": {"action_flag": 1, "action_time": "2015-09-13T03:07:56.930Z", "object_repr": "143", "object_id": "143", "change_message": "", "user": 1, "content_type": 7}, "model": "admin.logentry", "pk": 23}, {"fields": {"action_flag": 1, "action_time": "2015-09-13T03:08:10.014Z", "object_repr": "144", "object_id": "144", "change_message": "", "user": 1, "content_type": 7}, "model": "admin.logentry", "pk": 24}, {"fields": {"action_flag": 1, "action_time": "2015-09-13T03:08:28.690Z", "object_repr": "145", "object_id": "145", "change_message": "", "user": 1, "content_type": 7}, "model": "admin.logentry", "pk": 25}, {"fields": {"action_flag": 1, "action_time": "2015-09-13T03:08:36.884Z", "object_repr": "146", "object_id": "146", "change_message": "", "user": 1, "content_type": 7}, "model": "admin.logentry", "pk": 26}, {"fields": {"action_flag": 1, "action_time": "2015-09-13T03:08:47.287Z", "object_repr": "147", "object_id": "147", "change_message": "", "user": 1, "content_type": 7}, "model": "admin.logentry", "pk": 27}, {"fields": {"action_flag": 1, "action_time": "2015-09-13T03:08:54.855Z", "object_repr": "148", "object_id": "148", "change_message": "", "user": 1, "content_type": 7}, "model": "admin.logentry", "pk": 28}, {"fields": {"action_flag": 1, "action_time": "2015-09-13T03:09:01.638Z", "object_repr": "149", "object_id": "149", "change_message": "", "user": 1, "content_type": 7}, "model": "admin.logentry", "pk": 29}, {"fields": {"action_flag": 1, "action_time": "2015-09-13T03:09:21.014Z", "object_repr": "150", "object_id": "150", "change_message": "", "user": 1, "content_type": 7}, "model": "admin.logentry", "pk": 30}, {"fields": {"action_flag": 1, "action_time": "2015-09-13T03:09:29.067Z", "object_repr": "151", "object_id": "151", "change_message": "", "user": 1, "content_type": 7}, "model": "admin.logentry", "pk": 31}, {"fields": {"action_flag": 1, "action_time": "2015-09-13T03:09:36.020Z", "object_repr": "152", "object_id": "152", "change_message": "", "user": 1, "content_type": 7}, "model": "admin.logentry", "pk": 32}, {"fields": {"action_flag": 1, "action_time": "2015-09-13T03:09:42.187Z", "object_repr": "153", "object_id": "153", "change_message": "", "user": 1, "content_type": 7}, "model": "admin.logentry", "pk": 33}, {"fields": {"action_flag": 1, "action_time": "2015-09-13T03:10:02.466Z", "object_repr": "154", "object_id": "154", "change_message": "", "user": 1, "content_type": 7}, "model": "admin.logentry", "pk": 34}, {"fields": {"action_flag": 1, "action_time": "2015-09-13T03:10:15.738Z", "object_repr": "155", "object_id": "155", "change_message": "", "user": 1, "content_type": 7}, "model": "admin.logentry", "pk": 35}, {"fields": {"action_flag": 1, "action_time": "2015-09-13T03:10:22.811Z", "object_repr": "156", "object_id": "156", "change_message": "", "user": 1, "content_type": 7}, "model": "admin.logentry", "pk": 36}, {"fields": {"action_flag": 1, "action_time": "2015-09-13T03:10:29.157Z", "object_repr": "157", "object_id": "157", "change_message": "", "user": 1, "content_type": 7}, "model": "admin.logentry", "pk": 37}, {"fields": {"action_flag": 1, "action_time": "2015-09-13T03:10:35.922Z", "object_repr": "158", "object_id": "158", "change_message": "", "user": 1, "content_type": 7}, "model": "admin.logentry", "pk": 38}, {"fields": {"action_flag": 1, "action_time": "2015-09-13T03:11:17.140Z", "object_repr": "159", "object_id": "159", "change_message": "", "user": 1, "content_type": 7}, "model": "admin.logentry", "pk": 39}, {"fields": {"action_flag": 1, "action_time": "2015-09-13T03:11:24.934Z", "object_repr": "160", "object_id": "160", "change_message": "", "user": 1, "content_type": 7}, "model": "admin.logentry", "pk": 40}, {"fields": {"action_flag": 1, "action_time": "2015-09-13T03:11:36.640Z", "object_repr": "161", "object_id": "161", "change_message": "", "user": 1, "content_type": 7}, "model": "admin.logentry", "pk": 41}, {"fields": {"action_flag": 1, "action_time": "2015-09-13T03:11:44.306Z", "object_repr": "162", "object_id": "162", "change_message": "", "user": 1, "content_type": 7}, "model": "admin.logentry", "pk": 42}, {"fields": {"action_flag": 1, "action_time": "2015-09-13T03:11:51.103Z", "object_repr": "163", "object_id": "163", "change_message": "", "user": 1, "content_type": 7}, "model": "admin.logentry", "pk": 43}, {"fields": {"action_flag": 1, "action_time": "2015-09-13T03:12:02.298Z", "object_repr": "164", "object_id": "164", "change_message": "", "user": 1, "content_type": 7}, "model": "admin.logentry", "pk": 44}, {"fields": {"action_flag": 1, "action_time": "2015-09-13T03:12:09.389Z", "object_repr": "165", "object_id": "165", "change_message": "", "user": 1, "content_type": 7}, "model": "admin.logentry", "pk": 45}, {"fields": {"action_flag": 1, "action_time": "2015-09-13T03:12:15.658Z", "object_repr": "166", "object_id": "166", "change_message": "", "user": 1, "content_type": 7}, "model": "admin.logentry", "pk": 46}, {"fields": {"action_flag": 1, "action_time": "2015-09-13T03:12:21.993Z", "object_repr": "167", "object_id": "167", "change_message": "", "user": 1, "content_type": 7}, "model": "admin.logentry", "pk": 47}, {"fields": {"action_flag": 1, "action_time": "2015-09-13T03:12:27.911Z", "object_repr": "168", "object_id": "168", "change_message": "", "user": 1, "content_type": 7}, "model": "admin.logentry", "pk": 48}, {"fields": {"action_flag": 1, "action_time": "2015-09-13T03:12:56.589Z", "object_repr": "169", "object_id": "169", "change_message": "", "user": 1, "content_type": 7}, "model": "admin.logentry", "pk": 49}, {"fields": {"action_flag": 1, "action_time": "2015-09-13T03:13:02.780Z", "object_repr": "170", "object_id": "170", "change_message": "", "user": 1, "content_type": 7}, "model": "admin.logentry", "pk": 50}, {"fields": {"action_flag": 1, "action_time": "2015-09-13T03:13:25.587Z", "object_repr": "171", "object_id": "171", "change_message": "", "user": 1, "content_type": 7}, "model": "admin.logentry", "pk": 51}, {"fields": {"action_flag": 1, "action_time": "2015-09-13T03:13:50.666Z", "object_repr": "172", "object_id": "172", "change_message": "", "user": 1, "content_type": 7}, "model": "admin.logentry", "pk": 52}, {"fields": {"action_flag": 1, "action_time": "2015-09-13T03:13:56.202Z", "object_repr": "173", "object_id": "173", "change_message": "", "user": 1, "content_type": 7}, "model": "admin.logentry", "pk": 53}, {"fields": {"action_flag": 1, "action_time": "2015-09-13T03:14:19.550Z", "object_repr": "174", "object_id": "174", "change_message": "", "user": 1, "content_type": 7}, "model": "admin.logentry", "pk": 54}, {"fields": {"action_flag": 1, "action_time": "2015-09-13T03:14:45.508Z", "object_repr": "175", "object_id": "175", "change_message": "", "user": 1, "content_type": 7}, "model": "admin.logentry", "pk": 55}, {"fields": {"action_flag": 1, "action_time": "2015-09-13T03:14:51.902Z", "object_repr": "176", "object_id": "176", "change_message": "", "user": 1, "content_type": 7}, "model": "admin.logentry", "pk": 56}, {"fields": {"action_flag": 1, "action_time": "2015-09-13T03:15:04.754Z", "object_repr": "177", "object_id": "177", "change_message": "", "user": 1, "content_type": 7}, "model": "admin.logentry", "pk": 57}, {"fields": {"action_flag": 1, "action_time": "2015-09-13T03:15:11.254Z", "object_repr": "178", "object_id": "178", "change_message": "", "user": 1, "content_type": 7}, "model": "admin.logentry", "pk": 58}, {"fields": {"action_flag": 1, "action_time": "2015-09-13T03:15:17.719Z", "object_repr": "179", "object_id": "179", "change_message": "", "user": 1, "content_type": 7}, "model": "admin.logentry", "pk": 59}, {"fields": {"action_flag": 1, "action_time": "2015-09-13T03:15:26.334Z", "object_repr": "180", "object_id": "180", "change_message": "", "user": 1, "content_type": 7}, "model": "admin.logentry", "pk": 60}, {"fields": {"action_flag": 1, "action_time": "2015-09-13T03:15:32.384Z", "object_repr": "181", "object_id": "181", "change_message": "", "user": 1, "content_type": 7}, "model": "admin.logentry", "pk": 61}, {"fields": {"action_flag": 1, "action_time": "2015-09-13T03:15:38.463Z", "object_repr": "182", "object_id": "182", "change_message": "", "user": 1, "content_type": 7}, "model": "admin.logentry", "pk": 62}, {"fields": {"action_flag": 1, "action_time": "2015-09-13T03:15:50.771Z", "object_repr": "183", "object_id": "183", "change_message": "", "user": 1, "content_type": 7}, "model": "admin.logentry", "pk": 63}, {"fields": {"action_flag": 1, "action_time": "2015-09-13T03:15:56.971Z", "object_repr": "184", "object_id": "184", "change_message": "", "user": 1, "content_type": 7}, "model": "admin.logentry", "pk": 64}, {"fields": {"action_flag": 1, "action_time": "2015-09-13T03:16:02.603Z", "object_repr": "185", "object_id": "185", "change_message": "", "user": 1, "content_type": 7}, "model": "admin.logentry", "pk": 65}, {"fields": {"action_flag": 1, "action_time": "2015-09-13T03:16:09.636Z", "object_repr": "186", "object_id": "186", "change_message": "", "user": 1, "content_type": 7}, "model": "admin.logentry", "pk": 66}, {"fields": {"action_flag": 1, "action_time": "2015-09-13T03:16:20.842Z", "object_repr": "187", "object_id": "187", "change_message": "", "user": 1, "content_type": 7}, "model": "admin.logentry", "pk": 67}, {"fields": {"action_flag": 1, "action_time": "2015-09-13T03:16:27.057Z", "object_repr": "188", "object_id": "188", "change_message": "", "user": 1, "content_type": 7}, "model": "admin.logentry", "pk": 68}, {"fields": {"action_flag": 1, "action_time": "2015-09-13T03:16:50.090Z", "object_repr": "189", "object_id": "189", "change_message": "", "user": 1, "content_type": 7}, "model": "admin.logentry", "pk": 69}, {"fields": {"action_flag": 1, "action_time": "2015-09-13T03:16:53.747Z", "object_repr": "190", "object_id": "190", "change_message": "", "user": 1, "content_type": 7}, "model": "admin.logentry", "pk": 70}, {"fields": {"action_flag": 1, "action_time": "2015-09-13T03:17:00.976Z", "object_repr": "191", "object_id": "191", "change_message": "", "user": 1, "content_type": 7}, "model": "admin.logentry", "pk": 71}, {"fields": {"action_flag": 1, "action_time": "2015-09-13T03:17:07.164Z", "object_repr": "192", "object_id": "192", "change_message": "", "user": 1, "content_type": 7}, "model": "admin.logentry", "pk": 72}, {"fields": {"action_flag": 1, "action_time": "2015-09-13T03:17:17.393Z", "object_repr": "193", "object_id": "193", "change_message": "", "user": 1, "content_type": 7}, "model": "admin.logentry", "pk": 73}, {"fields": {"action_flag": 1, "action_time": "2015-09-13T03:17:24.028Z", "object_repr": "194", "object_id": "194", "change_message": "", "user": 1, "content_type": 7}, "model": "admin.logentry", "pk": 74}, {"fields": {"action_flag": 1, "action_time": "2015-09-13T03:17:30.089Z", "object_repr": "195", "object_id": "195", "change_message": "", "user": 1, "content_type": 7}, "model": "admin.logentry", "pk": 75}, {"fields": {"action_flag": 1, "action_time": "2015-09-13T03:17:41.642Z", "object_repr": "196", "object_id": "196", "change_message": "", "user": 1, "content_type": 7}, "model": "admin.logentry", "pk": 76}, {"fields": {"action_flag": 1, "action_time": "2015-09-13T03:17:47.455Z", "object_repr": "197", "object_id": "197", "change_message": "", "user": 1, "content_type": 7}, "model": "admin.logentry", "pk": 77}, {"fields": {"action_flag": 1, "action_time": "2015-09-13T03:17:55.606Z", "object_repr": "198", "object_id": "198", "change_message": "", "user": 1, "content_type": 7}, "model": "admin.logentry", "pk": 78}, {"fields": {"action_flag": 1, "action_time": "2015-09-13T03:18:02.071Z", "object_repr": "199", "object_id": "199", "change_message": "", "user": 1, "content_type": 7}, "model": "admin.logentry", "pk": 79}, {"fields": {"action_flag": 1, "action_time": "2015-09-13T03:18:08.370Z", "object_repr": "200", "object_id": "200", "change_message": "", "user": 1, "content_type": 7}, "model": "admin.logentry", "pk": 80}, {"fields": {"action_flag": 1, "action_time": "2015-09-13T03:18:21.151Z", "object_repr": "201", "object_id": "201", "change_message": "", "user": 1, "content_type": 7}, "model": "admin.logentry", "pk": 81}, {"fields": {"action_flag": 1, "action_time": "2015-09-13T03:18:29.626Z", "object_repr": "202", "object_id": "202", "change_message": "", "user": 1, "content_type": 7}, "model": "admin.logentry", "pk": 82}, {"fields": {"action_flag": 1, "action_time": "2015-09-13T03:18:35.928Z", "object_repr": "203", "object_id": "203", "change_message": "", "user": 1, "content_type": 7}, "model": "admin.logentry", "pk": 83}, {"fields": {"action_flag": 1, "action_time": "2015-09-13T03:18:42.506Z", "object_repr": "204", "object_id": "204", "change_message": "", "user": 1, "content_type": 7}, "model": "admin.logentry", "pk": 84}, {"fields": {"action_flag": 1, "action_time": "2015-09-13T03:18:48.658Z", "object_repr": "205", "object_id": "205", "change_message": "", "user": 1, "content_type": 7}, "model": "admin.logentry", "pk": 85}, {"fields": {"action_flag": 1, "action_time": "2015-09-13T03:19:30.364Z", "object_repr": "206", "object_id": "206", "change_message": "", "user": 1, "content_type": 7}, "model": "admin.logentry", "pk": 86}, {"fields": {"action_flag": 1, "action_time": "2015-09-13T03:19:37.299Z", "object_repr": "207", "object_id": "207", "change_message": "", "user": 1, "content_type": 7}, "model": "admin.logentry", "pk": 87}, {"fields": {"action_flag": 1, "action_time": "2015-09-13T03:19:46.635Z", "object_repr": "208", "object_id": "208", "change_message": "", "user": 1, "content_type": 7}, "model": "admin.logentry", "pk": 88}, {"fields": {"action_flag": 1, "action_time": "2015-09-13T12:18:15.609Z", "object_repr": "209", "object_id": "209", "change_message": "", "user": 1, "content_type": 7}, "model": "admin.logentry", "pk": 89}, {"fields": {"action_flag": 1, "action_time": "2015-09-13T12:18:56.407Z", "object_repr": "210", "object_id": "210", "change_message": "", "user": 1, "content_type": 7}, "model": "admin.logentry", "pk": 90}, {"fields": {"action_flag": 1, "action_time": "2015-09-13T12:19:05.508Z", "object_repr": "211", "object_id": "211", "change_message": "", "user": 1, "content_type": 7}, "model": "admin.logentry", "pk": 91}, {"fields": {"action_flag": 2, "action_time": "2015-09-13T12:38:53.331Z", "object_repr": "164", "object_id": "164", "change_message": "Modificado/a full_name.", "user": 1, "content_type": 7}, "model": "admin.logentry", "pk": 92}, {"fields": {"action_flag": 1, "action_time": "2015-09-13T13:49:52.155Z", "object_repr": "212", "object_id": "212", "change_message": "", "user": 1, "content_type": 7}, "model": "admin.logentry", "pk": 93}, {"fields": {"action_flag": 1, "action_time": "2015-09-13T13:51:10.570Z", "object_repr": "213", "object_id": "213", "change_message": "", "user": 1, "content_type": 7}, "model": "admin.logentry", "pk": 94}, {"fields": {"action_flag": 1, "action_time": "2015-09-13T13:51:17.875Z", "object_repr": "214", "object_id": "214", "change_message": "", "user": 1, "content_type": 7}, "model": "admin.logentry", "pk": 95}, {"fields": {"action_flag": 1, "action_time": "2015-09-13T13:51:25.731Z", "object_repr": "215", "object_id": "215", "change_message": "", "user": 1, "content_type": 7}, "model": "admin.logentry", "pk": 96}, {"fields": {"action_flag": 1, "action_time": "2015-09-13T13:51:33.462Z", "object_repr": "216", "object_id": "216", "change_message": "", "user": 1, "content_type": 7}, "model": "admin.logentry", "pk": 97}, {"fields": {"action_flag": 1, "action_time": "2015-09-13T13:51:39.194Z", "object_repr": "217", "object_id": "217", "change_message": "", "user": 1, "content_type": 7}, "model": "admin.logentry", "pk": 98}, {"fields": {"action_flag": 1, "action_time": "2015-09-13T13:51:44.788Z", "object_repr": "218", "object_id": "218", "change_message": "", "user": 1, "content_type": 7}, "model": "admin.logentry", "pk": 99}, {"fields": {"action_flag": 1, "action_time": "2015-09-13T13:51:51.546Z", "object_repr": "219", "object_id": "219", "change_message": "", "user": 1, "content_type": 7}, "model": "admin.logentry", "pk": 100}, {"fields": {"action_flag": 1, "action_time": "2015-09-13T13:51:56.541Z", "object_repr": "220", "object_id": "220", "change_message": "", "user": 1, "content_type": 7}, "model": "admin.logentry", "pk": 101}]